Batter,Runs,Balls,Fours,Sixes,StrikeRate
A Balbirnie,245,236,18.0,11.0,103.8135593220339
A Bohara,0,2,0.0,0.0,0.0
A Busing-Volschenk,20,22,1.0,1.0,90.9090909090909
A Dutt,47,38,4.0,2.0,123.6842105263158
A Johnson,89,75,12.0,4.0,118.66666666666667
A Nao,8,13,0.0,0.0,61.53846153846154
A Nehra,0,6,0.0,0.0,0.0
A Nortje,8,10,1.0,0.0,80.0
A Sharafu,109,103,10.0,3.0,105.8252427184466
A Sharma,95,82,9.0,4.0,115.85365853658537
A Vala,107,104,11.0,4.0,102.88461538461539
A Zampa,6,10,0.0,0.0,60.0
AB de Villiers,175,116,16.0,7.0,150.86206896551724
AC Agar,29,29,0.0,3.0,100.0
AC Evans,0,2,0.0,0.0,0.0
AD Hales,425,294,47.0,17.0,144.5578231292517
AD Mathews,255,212,11.0,13.0,120.28301886792453
AD Poynter,95,70,8.0,5.0,135.71428571428572
AD Russell,191,130,18.0,12.0,146.92307692307693
ADS Fletcher,95,78,6.0,6.0,121.7948717948718
AF Milne,2,2,0.0,0.0,100.0
AG Cremer,0,6,0.0,0.0,0.0
AGS Gous,238,176,22.0,12.0,135.22727272727272
AJ Finch,458,402,40.0,20.0,113.93034825870647
AJ Hosein,52,61,3.0,1.0,85.24590163934427
AJ Mosca,94,57,5.0,9.0,164.91228070175438
AK Markram,642,473,63.0,23.0,135.7293868921776
AK Sah,38,41,5.0,1.0,92.6829268292683
AM Guruge,2,2,0.0,0.0,100.0
AM Phangiso,4,5,0.0,0.0,80.0
AM Rahane,94,96,6.0,1.0,97.91666666666667
AR Cusack,0,1,0.0,0.0,0.0
AR McBrine,11,5,2.0,0.0,220.0
AR Odedara,1,3,0.0,0.0,33.333333333333336
AR Patel,105,88,6.0,6.0,119.31818181818181
AR Ramjani,13,22,2.0,0.0,59.09090909090909
AS Joseph,17,14,1.0,1.0,121.42857142857143
AT Nidamanuru,0,2,0.0,0.0,0.0
AU Rashid,9,10,0.0,0.0,90.0
AV Lalcheta,7,8,1.0,0.0,87.5
Aamir Kaleem,61,49,7.0,2.0,124.48979591836735
Aarif Sheikh,39,41,3.0,1.0,95.1219512195122
Aaron Jones,173,134,9.0,14.0,129.1044776119403
Aasif Sheikh,134,141,14.0,3.0,95.0354609929078
Aayan Afzal Khan,24,29,1.0,0.0,82.75862068965517
Abbas Afridi,17,21,1.0,1.0,80.95238095238095
Abdur Razzak,0,1,0.0,0.0,0.0
Abhishek Sharma,141,99,16.0,8.0,142.42424242424244
Abrar Ahmed,0,1,0.0,0.0,0.0
Adnan Ilyas,17,21,2.0,0.0,80.95238095238095
Afif Hossain,149,133,13.0,3.0,112.03007518796993
Agha Salman,60,47,8.0,2.0,127.65957446808511
Ahmed Raza,0,4,0.0,0.0,0.0
Ahmed Shehzad,246,197,27.0,5.0,124.8730964467005
Ahsan Malik,1,3,0.0,0.0,33.333333333333336
Aizaz Khan,7,7,1.0,0.0,100.0
Al-Amin Hossain,1,7,0.0,0.0,14.285714285714286
Ali Hasan,0,8,0.0,0.0,0.0
Ali Khan,14,9,1.0,1.0,155.55555555555554
Amir Ali,36,22,6.0,1.0,163.63636363636363
Amjad Ali,26,30,5.0,0.0,86.66666666666667
Amjad Javed,29,33,3.0,0.0,87.87878787878788
Anamul Haque,140,123,18.0,5.0,113.82113821138212
Anshuman Rath,21,23,0.0,0.0,91.30434782608695
Aqib Ilyas,142,126,14.0,6.0,112.6984126984127
Arafat Sunny,8,4,0.0,1.0,200.0
Arshdeep Singh,19,26,2.0,0.0,73.07692307692308
Aryan Lakra,1,3,0.0,0.0,33.333333333333336
Asif Ali,34,20,1.0,3.0,170.0
Ayan Khan,102,114,6.0,3.0,89.47368421052632
Azam Khan,0,1,0.0,0.0,0.0
B Bhandari,1,7,0.0,0.0,14.285714285714286
B Evans,73,53,2.0,7.0,137.73584905660377
B Kumar,9,11,0.0,0.0,81.81818181818181
B Masaba,4,26,0.0,0.0,15.384615384615385
B Muzarabani,2,17,0.0,0.0,11.764705882352942
B Shikongo,0,5,0.0,0.0,0.0
B White,7,24,0.0,0.0,29.166666666666668
BA King,250,214,34.0,5.0,116.82242990654206
BA Stokes,157,131,11.0,4.0,119.8473282442748
BAD Manenti,138,78,11.0,8.0,176.92307692307693
BB McCullum,85,61,5.0,5.0,139.34426229508196
BD Glover,0,3,0.0,0.0,0.0
BE Hendricks,3,4,0.0,0.0,75.0
BF Calitz,6,8,0.0,0.0,75.0
BFW de Leede,278,284,22.0,7.0,97.88732394366197
BJ Bennett,292,226,32.0,7.0,129.20353982300884
BJ Currie,4,9,0.0,0.0,44.44444444444444
BJ Dwarshuis,6,7,0.0,0.0,85.71428571428571
BJ Haddin,29,25,2.0,1.0,116.0
BJ Hodge,50,47,2.0,1.0,106.38297872340425
BJ McCarthy,42,53,1.0,2.0,79.24528301886792
BJ McMullen,220,140,15.0,14.0,157.14285714285714
BKG Mendis,470,376,43.0,10.0,125.0
BM Scholtz,12,15,1.0,0.0,80.0
BN Cooper,78,86,8.0,1.0,90.69767441860465
BRM Taylor,154,124,13.0,4.0,124.19354838709677
BTJ Wheal,5,8,0.0,0.0,62.5
Babar Azam,589,546,52.0,9.0,107.87545787545787
Babar Hayat,36,40,5.0,0.0,90.0
Basil Hameed,31,24,3.0,2.0,129.16666666666666
Bilal Khan,4,7,0.0,0.0,57.142857142857146
C Bosch,7,10,1.0,0.0,70.0
C Campher,213,170,21.0,3.0,125.29411764705883
C Connolly,14,12,0.0,1.0,116.66666666666667
C Green,24,20,1.0,2.0,120.0
C Karunaratne,51,60,4.0,0.0,85.0
C Kyewuta,2,12,0.0,0.0,16.666666666666668
C Madande,26,21,3.0,0.0,123.80952380952381
C Munro,125,115,12.0,4.0,108.69565217391305
CA Soper,42,50,2.0,2.0,84.0
CA Young,2,7,0.0,0.0,28.571428571428573
CAK Rajitha,8,26,0.0,0.0,30.76923076923077
CBRLS Kumara,5,8,1.0,0.0,62.5
CD Wallace,4,13,0.0,0.0,30.76923076923077
CE McConchie,45,37,5.0,2.0,121.62162162162163
CG Williams,118,141,9.0,4.0,83.68794326241135
CH Gayle,301,258,22.0,20.0,116.66666666666667
CH Morris,16,17,2.0,0.0,94.11764705882354
CJ Anderson,179,184,11.0,5.0,97.28260869565217
CJ Jordan,57,62,4.0,1.0,91.93548387096774
CJA Amini,73,86,6.0,1.0,84.88372093023256
CJPF Kalugamage,5,11,0.0,0.0,45.45454545454545
CK Kapugedera,40,50,3.0,1.0,80.0
CL White,18,18,2.0,0.0,100.0
CN Ackermann,297,272,21.0,9.0,109.19117647058823
CN Greaves,117,129,8.0,2.0,90.69767441860465
CP Rizwan,45,34,3.0,1.0,132.35294117647058
CR Brathwaite,44,21,1.0,5.0,209.52380952380952
CR Ervine,112,130,13.0,0.0,86.15384615384616
CR Woakes,12,6,1.0,1.0,200.0
CS MacLeod,91,116,6.0,0.0,78.44827586206897
CV Varun,1,5,0.0,0.0,20.0
Chirag Suri,26,42,4.0,0.0,61.904761904761905
D Brevis,184,130,11.0,13.0,141.53846153846155
D Heyliger,28,25,1.0,2.0,112.0
D Madushanka,0,2,0.0,0.0,0.0
D Myers,45,45,4.0,2.0,100.0
D Parashar,5,7,0.0,0.0,71.42857142857143
D Pretorius,1,3,0.0,0.0,33.333333333333336
D Ramdin,23,39,1.0,0.0,58.97435897435897
D Ravu,6,9,1.0,0.0,66.66666666666667
D Wiese,359,265,20.0,19.0,135.47169811320754
D la Cock,9,11,1.0,0.0,81.81818181818181
DA Miller,558,461,35.0,26.0,121.0412147505423
DA Warner,612,457,64.0,24.0,133.9168490153173
DE Bollinger,1,1,0.0,0.0,100.0
DE Budge,0,2,0.0,0.0,0.0
DJ Bravo,164,133,11.0,9.0,123.30827067669173
DJ Hooda,0,3,0.0,0.0,0.0
DJ Malan,154,145,14.0,2.0,106.20689655172414
DJ Mitchell,386,303,23.0,14.0,127.39273927392739
DJ Willey,21,14,1.0,2.0,150.0
DJG Sammy,103,51,12.0,5.0,201.9607843137255
DM Nakrani,4,20,0.0,0.0,20.0
DM de Silva,166,150,13.0,3.0,110.66666666666667
DN Wellalage,72,64,8.0,1.0,112.5
DO Leicher,6,6,0.0,0.0,100.0
DP Conway,300,278,27.0,6.0,107.9136690647482
DPMD Jayawardene,158,128,20.0,3.0,123.4375
DR Smith,125,122,19.0,4.0,102.45901639344262
DS Airee,201,167,15.0,8.0,120.35928143712574
DS Bajwa,65,68,8.0,1.0,95.58823529411765
DW Steyn,6,7,1.0,0.0,85.71428571428571
E Chigumbura,95,54,7.0,6.0,175.92592592592592
E Lewis,147,136,13.0,8.0,108.08823529411765
EC Joyce,93,92,5.0,2.0,101.08695652173913
EHSN Silva,16,23,1.0,0.0,69.56521739130434
EJG Morgan,223,198,18.0,8.0,112.62626262626263
Ehsan Adil,1,2,0.0,0.0,50.0
F Achelam,9,14,1.0,0.0,64.28571428571429
F Behardien,5,4,0.0,0.0,125.0
F Hand,12,11,2.0,0.0,109.0909090909091
F Nsubuga,0,3,0.0,0.0,0.0
F du Plessis,152,129,14.0,4.0,117.82945736434108
FH Allen,427,246,40.0,26.0,173.5772357723577
FJ Klaassen,14,25,0.0,0.0,56.0
Faheem Ashraf,40,28,3.0,3.0,142.85714285714286
Faizan Asif,18,24,1.0,1.0,75.0
Fakhar Zaman,241,175,18.0,13.0,137.71428571428572
Farhad Reza,0,4,0.0,0.0,0.0
Fayyaz Butt,9,16,1.0,0.0,56.25
G Malla,61,49,6.0,1.0,124.48979591836735
G Motie,4,9,1.0,0.0,44.44444444444444
G Stewart,59,37,2.0,6.0,159.45945945945945
GB Hogg,3,3,0.0,0.0,100.0
GC Wilson,43,41,6.0,0.0,104.8780487804878
GD Elliott,50,46,4.0,0.0,108.69565217391305
GD Phillips,485,358,35.0,22.0,135.47486033519553
GF Linde,30,22,2.0,1.0,136.36363636363637
GH Dockrell,229,171,18.0,9.0,133.91812865497076
GJ Bailey,35,38,1.0,3.0,92.10526315789474
GJ Delany,251,192,19.0,13.0,130.72916666666666
GJ Maxwell,519,378,41.0,27.0,137.3015873015873
GP Meade,4,11,0.0,0.0,36.36363636363637
GR Adair,60,40,9.0,2.0,150.0
GSNFG Jayasuriya,1,3,0.0,0.0,33.333333333333336
Gulsan Jha,59,65,2.0,4.0,90.76923076923077
H Hiri,32,52,4.0,0.0,61.53846153846154
H Kaushik,7,15,1.0,0.0,46.666666666666664
H Klaasen,239,197,14.0,14.0,121.31979695431473
H Masakadza,78,79,9.0,1.0,98.73417721518987
H Thaker,86,76,4.0,5.0,113.15789473684211
HC Brook,429,299,39.0,13.0,143.47826086956522
HDRL Thirimanne,79,78,8.0,2.0,101.28205128205128
HE van der Dussen,177,157,10.0,6.0,112.73885350318471
HG Munsey,533,465,67.0,16.0,114.6236559139785
HH Pandya,507,367,33.0,30.0,138.14713896457766
HJ Manenti,57,48,2.0,5.0,118.75
HM Amla,300,230,33.0,7.0,130.43478260869566
HM Nicholls,7,11,1.0,0.0,63.63636363636363
HMRKB Herath,7,11,0.0,0.0,63.63636363636363
HN Ya France,1,4,0.0,0.0,25.0
HR Walsh,0,1,0.0,0.0,0.0
HT Tector,144,168,8.0,1.0,85.71428571428571
Haider Ali,2,5,0.0,0.0,40.0
Hammad Mirza,71,68,8.0,2.0,104.41176470588235
Haris Rauf,13,10,0.0,1.0,130.0
Harmeet Singh,76,62,5.0,5.0,122.58064516129032
Hasan Mahmud,0,5,0.0,0.0,0.0
Haseeb Amjad,16,15,0.0,1.0,106.66666666666667
IS Sodhi,9,9,0.0,0.0,100.0
Iftikhar Ahmed,141,124,11.0,6.0,113.70967741935483
Imad Wasim,30,43,3.0,0.0,69.76744186046511
Imran Tahir,17,11,1.0,1.0,154.54545454545453
Irfan Ahmed,34,29,3.0,3.0,117.24137931034483
Ishan Kishan,321,175,34.0,18.0,183.42857142857142
J Charles,261,256,26.0,9.0,101.953125
J Kariko,0,2,0.0,0.0,0.0
J Little,53,55,5.0,2.0,96.36363636363636
J Liyanage,5,3,1.0,0.0,166.66666666666666
J Miyaji,26,37,0.0,0.0,70.27027027027027
J Mosca,105,85,12.0,3.0,123.52941176470588
J Overton,32,35,1.0,2.0,91.42857142857143
J Ramanandi,5,13,0.0,0.0,38.46153846153846
JA Duffy,3,5,0.0,0.0,60.0
JA Morkel,33,26,0.0,3.0,126.92307692307692
JC Archer,54,34,3.0,5.0,158.8235294117647
JC Buttler,1036,724,95.0,45.0,143.0939226519337
JC Tredwell,8,6,1.0,0.0,133.33333333333334
JDF Vandersay,3,8,0.0,0.0,37.5
JDS Neesham,187,143,9.0,9.0,130.76923076923077
JE Root,237,169,23.0,6.0,140.23668639053255
JF Smith,3,5,0.0,0.0,60.0
JG Bethell,280,192,25.0,14.0,145.83333333333334
JH Davey,41,28,1.0,3.0,146.42857142857142
JJ Atkinson,26,42,3.0,0.0,61.904761904761905
JJ Bumrah,0,4,0.0,0.0,0.0
JJ Roy,301,213,32.0,12.0,141.31455399061034
JJ Smit,201,192,12.0,8.0,104.6875
JM Bairstow,157,126,16.0,6.0,124.60317460317461
JM Muirhead,4,8,0.0,0.0,50.0
JN Frylinck,258,262,22.0,4.0,98.47328244274809
JN Loftie-Eaton,124,116,8.0,4.0,106.89655172413794
JO Holder,207,132,11.0,17.0,156.8181818181818
JP Duminy,241,166,17.0,11.0,145.18072289156626
JP Faulkner,30,34,3.0,0.0,88.23529411764706
JP Inglis,84,50,11.0,2.0,168.0
JP Kotze,0,3,0.0,0.0,0.0
JR Hazlewood,1,1,0.0,0.0,100.0
JT Brassell,3,4,0.0,0.0,75.0
JT Smuts,46,43,5.0,2.0,106.97674418604652
JW Hastings,3,4,0.0,0.0,75.0
Jaker Ali,35,49,3.0,0.0,71.42857142857143
Jasdeep Singh,4,13,0.0,0.0,30.76923076923077
Jaskaran Singh,4,5,0.0,0.0,80.0
Jaspreet Singh,12,12,0.0,1.0,100.0
Jatinder Singh,192,155,21.0,5.0,123.87096774193549
Jay Odedra,8,15,1.0,0.0,53.333333333333336
Junaid Siddique,18,18,1.0,1.0,100.0
K Bhurtel,102,107,9.0,6.0,95.32710280373831
K Doriga,108,97,7.0,4.0,111.34020618556701
K Klein,8,13,0.0,0.0,61.53846153846154
K Mishara,54,48,9.0,1.0,112.5
K Rabada,51,51,4.0,2.0,100.0
K Sonavale,12,17,2.0,0.0,70.58823529411765
K Waiswa,19,46,2.0,0.0,41.30434782608695
KA Maharaj,27,40,1.0,1.0,67.5
KA Pollard,90,88,6.0,3.0,102.27272727272727
KC Sangakkara,71,74,8.0,1.0,95.94594594594595
KD Karthik,14,23,1.0,0.0,60.869565217391305
KD Mills,4,9,1.0,0.0,44.44444444444444
KD Shah,7,5,1.0,0.0,140.0
KH Prajapati,40,64,2.0,3.0,62.5
KIC Asalanka,444,345,35.0,19.0,128.69565217391303
KJ Coetzer,97,101,10.0,3.0,96.03960396039604
KJ O'Brien,112,82,10.0,5.0,136.58536585365854
KL Rahul,253,188,21.0,13.0,134.5744680851064
KMDN Kulasekara,14,14,1.0,0.0,100.0
KP Meiyappan,4,8,0.0,0.0,50.0
KR Mayers,69,65,8.0,3.0,106.15384615384616
KS Williamson,642,560,64.0,14.0,114.64285714285714
KV Morea,17,19,0.0,1.0,89.47368421052632
Kaleem Sana,18,17,1.0,1.0,105.88235294117646
Kaleemullah,18,18,2.0,0.0,100.0
Kamran Akmal,48,58,8.0,0.0,82.75862068965517
Kamran Shazad,21,18,1.0,2.0,116.66666666666667
Karan KC,37,27,1.0,3.0,137.03703703703704
Kashif Daud,15,18,0.0,1.0,83.33333333333333
Khalid Kail,48,62,2.0,1.0,77.41935483870968
Khalid Latif,49,48,4.0,1.0,102.08333333333333
Khawaja Nafay,7,8,1.0,0.0,87.5
Khawar Ali,42,42,4.0,3.0,100.0
Khurram Khan,73,77,8.0,1.0,94.8051948051948
Kushal Malla,37,53,2.0,1.0,69.81132075471699
L Ngidi,4,1,1.0,0.0,400.0
L Ronchi,57,40,4.0,2.0,142.5
L Siaka,27,47,2.0,0.0,57.4468085106383
L Steenkamp,116,90,12.0,5.0,128.88888888888889
L Tucker,365,299,34.0,9.0,122.07357859531773
LA Dawson,8,13,0.0,0.0,61.53846153846154
LD Chandimal,61,69,5.0,2.0,88.40579710144928
LE Plunkett,4,4,0.0,0.0,100.0
LH Ferguson,6,7,0.0,0.0,85.71428571428571
LL Tsotsobe,1,2,0.0,0.0,50.0
LM Jongwe,55,42,6.0,1.0,130.95238095238096
LMP Simmons,189,181,13.0,9.0,104.41988950276243
LN Rajbanshi,0,2,0.0,0.0,0.0
LRPL Taylor,171,138,10.0,7.0,123.91304347826087
LS Livingstone,144,104,6.0,10.0,138.46153846153845
LV van Beek,66,86,4.0,0.0,76.74418604651163
Liton Das,345,339,28.0,8.0,101.76991150442478
Lokesh Bam,55,45,6.0,2.0,122.22222222222223
M Ansari,3,5,0.0,0.0,60.0
M Campopiano,2,6,0.0,0.0,33.333333333333336
M Heingo,0,2,0.0,0.0,0.0
M Jansen,89,71,3.0,6.0,125.35211267605634
M Levitt,129,108,12.0,8.0,119.44444444444444
M Pathirana,0,5,0.0,0.0,0.0
M Shumba,65,84,5.0,0.0,77.38095238095238
M Theekshana,38,49,3.0,1.0,77.55102040816327
M van Lingen,137,143,14.0,4.0,95.8041958041958
MA Jones,341,249,32.0,15.0,136.94779116465864
MA Leask,239,166,18.0,13.0,143.97590361445782
MA Starc,30,32,1.0,1.0,93.75
MA Wood,1,1,0.0,0.0,100.0
MADI Hemantha,8,15,0.0,0.0,53.333333333333336
MB Kruger,8,19,1.0,0.0,42.10526315789474
MC Sorensen,9,8,0.0,0.0,112.5
MD Gunathilaka,0,1,0.0,0.0,0.0
MD Patel,157,123,15.0,5.0,127.64227642276423
MD Shanaka,386,295,23.0,24.0,130.84745762711864
MDKJ Perera,271,208,31.0,9.0,130.28846153846155
MG Erasmus,350,326,28.0,9.0,107.36196319018404
MH Cross,248,265,19.0,7.0,93.58490566037736
MJ Guptill,367,305,38.0,16.0,120.32786885245902
MJ Henry,10,10,1.0,0.0,100.0
MJ Humphreys,3,6,0.0,0.0,50.0
MJ Lumb,57,51,5.0,3.0,111.76470588235294
MJ McClenaghan,7,3,0.0,1.0,233.33333333333334
MJ Santner,189,152,9.0,12.0,124.34210526315789
MM Ali,276,223,22.0,12.0,123.76681614349776
MN Samuels,262,266,32.0,3.0,98.49624060150376
MN Waller,13,13,1.0,0.0,100.0
MP Kuhnemann,0,1,0.0,0.0,0.0
MP O'Dowd,489,458,47.0,12.0,106.76855895196506
MP Stoinis,394,246,30.0,21.0,160.16260162601625
MR Adair,109,98,9.0,2.0,111.22448979591837
MR Kumar,25,21,2.0,1.0,119.04761904761905
MR Marsh,507,374,49.0,25.0,135.5614973262032
MR Swart,76,82,9.0,1.0,92.6829268292683
MRJ Watt,77,66,7.0,1.0,116.66666666666667
MS Chapman,124,105,10.0,3.0,118.0952380952381
MS Dhoni,139,117,8.0,5.0,118.80341880341881
MS Wade,105,73,10.0,4.0,143.83561643835617
MT Renshaw,102,79,7.0,1.0,129.1139240506329
MW Forde,29,20,4.0,1.0,145.0
MW Machan,24,10,4.0,1.0,240.0
Mahedi Hasan,58,53,6.0,2.0,109.43396226415095
Mahmudullah,403,367,33.0,12.0,109.80926430517711
Mashrafe Mortaza,73,53,9.0,4.0,137.73584905660377
Mehedi Hasan Miraz,11,14,0.0,0.0,78.57142857142857
Mehran Khan,52,46,4.0,2.0,113.04347826086956
Milind Kumar,117,112,7.0,3.0,104.46428571428571
Mohammad Hafeez,199,168,19.0,4.0,118.45238095238095
Mohammad Haris,97,68,6.0,6.0,142.64705882352942
Mohammad Mithun,37,47,2.0,1.0,78.72340425531915
Mohammad Mohsin,9,11,1.0,0.0,81.81818181818181
Mohammad Nadeem,101,111,4.0,4.0,90.990990990991
Mohammad Naim,174,161,15.0,4.0,108.07453416149069
Mohammad Nawaz,83,99,8.0,2.0,83.83838383838383
Mohammad Rizwan,558,504,43.0,18.0,110.71428571428571
Mohammad Saifuddin,24,9,2.0,2.0,266.6666666666667
Mohammad Sami,4,2,1.0,0.0,200.0
Mohammad Wasim,16,23,2.0,0.0,69.56521739130434
Mohammed Shami,0,2,0.0,0.0,0.0
Mohammed Siraj,7,7,0.0,0.0,100.0
Mominul Haque,16,20,2.0,0.0,80.0
Mosaddek Hossain,38,39,2.0,2.0,97.43589743589743
Mudassar Bukhari,44,44,2.0,1.0,100.0
Muhammad Arfan,12,21,0.0,0.0,57.142857142857146
Muhammad Farooq,1,2,0.0,0.0,50.0
Munir Dar,36,27,3.0,1.0,133.33333333333334
Mushfiqur Rahim,306,280,32.0,6.0,109.28571428571429
Mustafizur Rahman,24,25,0.0,2.0,96.0
N Davin,64,68,7.0,2.0,94.11764705882354
N Pokana,6,12,0.0,0.0,50.0
N Pooran,258,218,19.0,15.0,118.34862385321101
N Thushara,0,5,0.0,0.0,0.0
N Vanua,67,64,3.0,3.0,104.6875
NA Rock,6,8,0.0,0.0,75.0
NB Budayair,0,1,0.0,0.0,0.0
NJ O'Brien,20,19,1.0,0.0,105.26315789473684
NK Yadav,0,2,0.0,0.0,0.0
NL McCullum,6,14,1.0,0.0,42.857142857142854
NLTC Perera,138,96,13.0,7.0,143.75
NM Coulter-Nile,1,5,0.0,0.0,20.0
NP Kenjige,1,4,0.0,0.0,25.0
NR Kirton,111,88,7.0,4.0,126.13636363636364
NR Kumar,99,87,6.0,4.0,113.79310344827586
NRJ Croes,25,12,5.0,0.0,208.33333333333334
NS Dhaliwal,179,150,19.0,5.0,119.33333333333333
NT Ellis,7,6,1.0,0.0,116.66666666666667
Nadeem Ahmed,7,13,0.0,0.0,53.84615384615385
Nadeem Khan,22,24,1.0,1.0,91.66666666666667
Najeeb Amar,2,9,0.0,0.0,22.22222222222222
Naseem Khushi,24,28,1.0,1.0,85.71428571428571
Naseem Shah,16,8,2.0,0.0,200.0
Nasir Hossain,70,70,4.0,1.0,100.0
Nasum Ahmed,26,17,2.0,2.0,152.94117647058823
Nazmul Hossain Shanto,287,282,26.0,7.0,101.77304964539007
Nizakat Khan,29,32,0.0,2.0,90.625
Nurul Hasan,62,70,2.0,1.0,88.57142857142857
O Davidson,21,20,2.0,1.0,105.0
OC McCoy,2,4,0.0,0.0,50.0
OF Smith,25,24,1.0,2.0,104.16666666666667
P Khadka,82,80,9.0,0.0,102.5
P Nissanka,686,574,60.0,20.0,119.51219512195122
P Rathnayake,205,136,21.0,6.0,150.73529411764707
PA van Meekeren,49,43,6.0,1.0,113.95348837209302
PBB Rajapaksa,262,208,24.0,10.0,125.96153846153847
PD Salt,328,219,31.0,16.0,149.7716894977169
PHKD Mendis,149,124,14.0,6.0,120.16129032258064
PJ Cummins,44,31,2.0,4.0,141.93548387096774
PL Mommsen,31,29,2.0,0.0,106.89655172413794
PM Liyanagamage,1,1,0.0,0.0,100.0
PM Nevill,18,5,1.0,2.0,360.0
PM Seelaar,35,49,3.0,0.0,71.42857142857143
PR Stirling,383,322,43.0,11.0,118.94409937888199
PS Athavale,59,46,6.0,2.0,128.2608695652174
PVD Chameera,30,51,1.0,0.0,58.8235294117647
PW Borren,155,131,21.0,4.0,118.3206106870229
PWH de Silva,165,128,18.0,4.0,128.90625
Pargat Singh,25,29,2.0,0.0,86.20689655172414
Q de Kock,725,554,79.0,29.0,130.8664259927798
R Ashwin,38,44,2.0,1.0,86.36363636363636
R Mutumbami,19,17,2.0,1.0,111.76470588235294
R Ngarava,28,28,0.0,3.0,100.0
R Obuya,7,12,1.0,0.0,58.333333333333336
R Powell,264,203,16.0,17.0,130.04926108374383
R Rampaul,3,8,0.0,0.0,37.5
R Ravindra,146,123,11.0,5.0,118.69918699186992
R Shepherd,103,82,4.0,9.0,125.60975609756098
R Trumpelmann,71,77,3.0,4.0,92.20779220779221
RA Jadeja,82,63,7.0,2.0,130.15873015873015
RAS Lakmal,0,1,0.0,0.0,0.0
RB Patel,2,20,0.0,0.0,10.0
RD Berrington,497,386,30.0,21.0,128.75647668393782
RD Rickelton,167,108,12.0,11.0,154.62962962962962
RE van der Merwe,28,45,1.0,0.0,62.22222222222222
RG Mukasa,0,6,0.0,0.0,0.0
RG Sharma,753,583,73.0,33.0,129.15951972555746
RJ Campbell,0,4,0.0,0.0,0.0
RJW Topley,3,3,0.0,0.0,100.0
RK Paudel,119,118,9.0,4.0,100.84745762711864
RK Singh,24,29,1.0,2.0,82.75862068965517
RL Chase,242,218,24.0,5.0,111.0091743119266
RN ten Doeschate,0,1,0.0,0.0,0.0
RP Burl,164,155,17.0,3.0,105.80645161290323
RR Hendricks,140,162,14.0,3.0,86.41975308641975
RR Pant,211,191,18.0,8.0,110.47120418848168
RR Rossouw,141,85,9.0,9.0,165.88235294117646
RS Bopara,84,69,5.0,2.0,121.73913043478261
RW Chakabva,45,66,5.0,1.0,68.18181818181819
Rafiullah,0,3,0.0,0.0,0.0
Ravinderpal Singh,0,2,0.0,0.0,0.0
Rehan Ahmed,19,7,1.0,2.0,271.42857142857144
Riazat Ali Shah,38,85,1.0,0.0,44.705882352941174
Rishad Hossain,40,26,2.0,4.0,153.84615384615384
Rohan Mustafa,37,35,2.0,0.0,105.71428571428571
Rubel Hossain,0,3,0.0,0.0,0.0
S Bau,111,139,11.0,2.0,79.85611510791367
S Dhakal,0,1,0.0,0.0,0.0
S Dhawan,74,90,9.0,2.0,82.22222222222223
S Dube,358,265,21.0,23.0,135.0943396226415
S Jora,1,8,0.0,0.0,12.5
S Lamichhane,5,7,0.0,0.0,71.42857142857143
S Movva,101,97,9.0,2.0,104.12371134020619
S Prasanna,6,5,0.0,0.0,120.0
S Samarawickrama,0,1,0.0,0.0,0.0
S Sesazi,5,8,1.0,0.0,62.5
S Vesawkar,54,53,7.0,0.0,101.88679245283019
SA Edwards,281,259,24.0,5.0,108.4942084942085
SA Engelbrecht,98,93,6.0,3.0,105.3763440860215
SA Yadav,669,459,62.0,28.0,145.7516339869281
SC Williams,250,211,23.0,3.0,118.48341232227489
SC van Schalkwyk,32,34,4.0,0.0,94.11764705882354
SCJ Broad,5,6,0.0,0.0,83.33333333333333
SD Hope,299,213,23.0,18.0,140.3755868544601
SD Parry,1,1,0.0,0.0,100.0
SE Rutherford,303,190,16.0,22.0,159.47368421052633
SI Kamea,1,1,0.0,0.0,100.0
SJ Baard,146,159,11.0,2.0,91.82389937106919
SJ Myburgh,353,265,47.0,14.0,133.20754716981133
SK Atai,5,10,0.0,0.0,50.0
SK Raina,104,84,9.0,4.0,123.80952380952381
SL Malinga,0,1,0.0,0.0,0.0
SM Curran,191,164,10.0,9.0,116.46341463414635
SM Sharif,9,8,0.0,1.0,112.5
SMSM Senanayake,18,12,1.0,1.0,150.0
SN Netravalkar,0,5,0.0,0.0,0.0
SN Thakur,0,3,0.0,0.0,0.0
SO Hetmyer,375,244,29.0,23.0,153.68852459016392
SP Gauchan,0,1,0.0,0.0,0.0
SP Khakurel,30,33,4.0,0.0,90.9090909090909
SP Krishnamurthi,106,70,5.0,8.0,151.42857142857142
SP Narine,7,3,0.0,1.0,233.33333333333334
SP Patil,53,59,7.0,0.0,89.83050847457628
SPD Smith,152,143,14.0,1.0,106.2937062937063
SR Mukkamalla,98,78,7.0,4.0,125.64102564102564
SR Taylor,74,88,7.0,3.0,84.0909090909091
SR Thompson,3,6,0.0,0.0,50.0
SR Watson,103,85,10.0,4.0,121.17647058823529
SSJ Brooks,4,12,0.0,0.0,33.333333333333336
SV Samson,321,168,27.0,24.0,191.07142857142858
Saad Bin Zafar,27,41,3.0,0.0,65.85365853658537
Sabbir Rahman,171,151,18.0,5.0,113.24503311258277
Saeed Ajmal,1,3,0.0,0.0,33.333333333333336
Sagar Pun,25,33,4.0,0.0,75.75757575757575
Sahibzada Farhan,383,243,37.0,18.0,157.61316872427983
Saim Ayub,93,82,10.0,5.0,113.41463414634147
Salman Mirza,2,3,0.0,0.0,66.66666666666667
Sandeep Goud,9,16,0.0,0.0,56.25
Sarfraz Ahmed,21,17,1.0,0.0,123.52941176470588
Shadab Khan,263,180,19.0,12.0,146.11111111111111
Shafiq Jan,0,1,0.0,0.0,0.0
Shah Faisal,15,17,2.0,0.0,88.23529411764706
Shaheen Shah Afridi,101,75,6.0,7.0,134.66666666666666
Shahid Afridi,158,92,11.0,12.0,171.7391304347826
Shaiman Anwar,68,54,5.0,3.0,125.92592592592592
Shakeel Ahmed,36,40,4.0,0.0,90.0
Shakib Al Hasan,591,515,49.0,18.0,114.75728155339806
Shamim Hossain,30,40,1.0,1.0,75.0
Shamsur Rahman,4,14,0.0,0.0,28.571428571428573
Shan Masood,175,156,12.0,1.0,112.17948717948718
Shariz Ahmad,25,20,3.0,0.0,125.0
Sharjeel Khan,112,81,18.0,3.0,138.2716049382716
Shayan Jahangir,94,77,8.0,5.0,122.07792207792208
Shoaib Khan,75,73,5.0,5.0,102.73972602739725
Shoaib Malik,229,152,14.0,11.0,150.6578947368421
Shoriful Islam,0,2,0.0,0.0,0.0
Shubham Ranjane,141,82,9.0,8.0,171.9512195121951
Shuvagata Hom,29,28,3.0,1.0,103.57142857142857
Sikandar Raza,466,323,39.0,24.0,144.27244582043343
Simi Singh,17,22,1.0,0.0,77.27272727272727
Sohag Gazi,11,21,0.0,0.0,52.38095238095238
Sohaib Maqsood,45,41,3.0,2.0,109.7560975609756
Sohail Tanvir,14,12,1.0,1.0,116.66666666666667
Sompal Kami,34,26,4.0,1.0,130.76923076923077
Soumya Sarkar,151,158,15.0,4.0,95.56962025316456
Sufyan Mehmood,36,51,3.0,0.0,70.58823529411765
Sultan Ahmed,2,5,0.0,0.0,40.0
Suraj Kumar,4,7,0.0,0.0,57.142857142857146
Syed Haider,6,15,0.0,0.0,40.0
Syed Naqvi,6,11,0.0,0.0,54.54545454545455
T Banton,155,114,11.0,7.0,135.96491228070175
T Bavuma,161,150,12.0,4.0,107.33333333333333
T Maruma,35,23,3.0,1.0,152.17391304347825
T Marumani,131,97,20.0,4.0,135.05154639175257
T Munyonga,42,42,3.0,2.0,100.0
T Musekiwa,8,8,0.0,1.0,100.0
T Shamsi,1,2,0.0,0.0,50.0
T Stubbs,330,297,20.0,10.0,111.11111111111111
T van der Gugten,8,13,0.0,0.0,61.53846153846154
TA Boult,10,12,0.0,1.0,83.33333333333333
TAM Siriwardana,22,21,2.0,1.0,104.76190476190476
TC Bruce,65,57,2.0,3.0,114.03508771929825
TG Southee,5,5,1.0,0.0,100.0
TH David,91,68,8.0,4.0,133.8235294117647
TH Tector,5,4,1.0,0.0,125.0
TJ Draca,7,8,1.0,0.0,87.5
TJG Pringle,54,75,1.0,1.0,72.0
TL Chatara,13,19,1.0,0.0,68.42105263157895
TL Seifert,277,169,29.0,13.0,163.90532544378698
TLW Cooper,353,295,31.0,13.0,119.66101694915254
TM Dilshan,182,180,18.0,5.0,101.11111111111111
TM Head,366,233,43.0,18.0,157.08154506437768
TP Ura,6,21,0.0,0.0,28.571428571428573
TT Bresnan,39,18,3.0,3.0,216.66666666666666
Tamim Iqbal,357,286,30.0,15.0,124.82517482517483
Tanwir Afzal,0,16,0.0,0.0,0.0
Tanzid Hasan,76,78,11.0,1.0,97.43589743589743
Tanzim Hasan Sakib,9,14,0.0,0.0,64.28571428571429
Taskin Ahmed,59,75,5.0,1.0,78.66666666666667
Tilak Varma,207,136,18.0,11.0,152.2058823529412
Towhid Hridoy,139,115,7.0,8.0,120.8695652173913
UT Khawaja,143,106,22.0,2.0,134.9056603773585
Umar Akmal,206,156,15.0,6.0,132.05128205128204
Umar Gul,4,7,0.0,0.0,57.142857142857146
Usman Khan,80,70,8.0,2.0,114.28571428571429
Usman Tariq,0,3,0.0,0.0,0.0
V Aravind,48,75,3.0,0.0,64.0
V Kohli,1083,852,91.0,30.0,127.11267605633803
V Shetty,11,14,1.0,0.0,78.57142857142857
V Shukla,38,33,5.0,0.0,115.15151515151516
V Sibanda,45,52,1.0,2.0,86.53846153846153
VJ Kingma,1,1,0.0,0.0,100.0
Vikramjit Singh,124,136,10.0,5.0,91.17647058823529
W Barresi,160,136,11.0,8.0,117.6470588235294
W Madhevere,106,89,15.0,2.0,119.10112359550561
WD Parnell,5,15,0.0,0.0,33.333333333333336
WG Jacks,241,155,20.0,14.0,155.48387096774192
WIA Fernando,52,64,1.0,2.0,81.25
WP Masakadza,6,15,0.0,0.0,40.0
WP Myburgh,12,19,0.0,0.0,63.1578947368421
WTS Porterfield,145,129,14.0,5.0,112.40310077519379
Wahab Riaz,0,1,0.0,0.0,0.0
Waqas Barkat,18,22,3.0,0.0,81.81818181818181
Waseem Muhammad,185,164,10.0,8.0,112.8048780487805
Washington Sundar,11,11,0.0,1.0,100.0
Wasim Ali,62,61,4.0,3.0,101.63934426229508
XC Bartlett,11,10,2.0,0.0,110.0
YS Samra,127,81,14.0,6.0,156.79012345679013
Yasir Ali Chowdhury,5,9,0.0,0.0,55.55555555555556
Yuvraj Singh,152,160,11.0,6.0,95.0
ZB Lion-Cachet,41,29,3.0,1.0,141.3793103448276
ZE Green,155,193,10.0,2.0,80.31088082901555
Zahoor Khan,1,1,0.0,0.0,100.0
Zawar Farid,2,4,0.0,0.0,50.0
Zeeshan Maqsood,112,119,13.0,2.0,94.11764705882354
Ziaur Rahman,9,15,0.0,0.0,60.0
Zulfiqar Babar,3,4,0.0,0.0,75.0
