MatchID,Date,Team1,Team2,Winner,Venue,City,TossWinner,TossDecision,PlayerOfMatch
1273712,2021-10-17,Papua New Guinea,Oman,Oman,Al Amerat Cricket Ground Oman Cricket (Ministry Turf 1),Al Amarat,Oman,field,Zeeshan Maqsood
1273713,2021-10-17,Scotland,Bangladesh,Scotland,Al Amerat Cricket Ground Oman Cricket (Ministry Turf 1),Al Amarat,Bangladesh,field,CN Greaves
1273714,2021-10-18,Netherlands,Ireland,Ireland,"Zayed Cricket Stadium, Abu Dhabi",Abu Dhabi,Netherlands,bat,C Campher
1273715,2021-10-18,Namibia,Sri Lanka,Sri Lanka,"Zayed Cricket Stadium, Abu Dhabi",Abu Dhabi,Sri Lanka,field,M Theekshana
1273716,2021-10-19,Scotland,Papua New Guinea,Scotland,Al Amerat Cricket Ground Oman Cricket (Ministry Turf 1),Al Amarat,Scotland,bat,RD Berrington
1273717,2021-10-19,Bangladesh,Oman,Bangladesh,Al Amerat Cricket Ground Oman Cricket (Ministry Turf 1),Al Amarat,Bangladesh,bat,Shakib Al Hasan
1273718,2021-10-20,Netherlands,Namibia,Namibia,"Zayed Cricket Stadium, Abu Dhabi",Abu Dhabi,Namibia,field,D Wiese
1273719,2021-10-20,Sri Lanka,Ireland,Sri Lanka,"Zayed Cricket Stadium, Abu Dhabi",Abu Dhabi,Ireland,field,PWH de Silva
1273720,2021-10-21,Bangladesh,Papua New Guinea,Bangladesh,Al Amerat Cricket Ground Oman Cricket (Ministry Turf 1),Al Amarat,Bangladesh,bat,Shakib Al Hasan
1273721,2021-10-21,Oman,Scotland,Scotland,Al Amerat Cricket Ground Oman Cricket (Ministry Turf 1),Al Amarat,Oman,bat,JH Davey
1273722,2021-10-22,Ireland,Namibia,Namibia,Sharjah Cricket Stadium,Sharjah,Ireland,bat,D Wiese
1273723,2021-10-22,Netherlands,Sri Lanka,Sri Lanka,Sharjah Cricket Stadium,Sharjah,Sri Lanka,field,CBRLS Kumara
1273724,2021-10-23,South Africa,Australia,Australia,"Zayed Cricket Stadium, Abu Dhabi",Abu Dhabi,Australia,field,JR Hazlewood
1273725,2021-10-23,West Indies,England,England,Dubai International Cricket Stadium,Dubai,England,field,MM Ali
1273726,2021-10-24,Bangladesh,Sri Lanka,Sri Lanka,Sharjah Cricket Stadium,Sharjah,Sri Lanka,field,KIC Asalanka
1273727,2021-10-24,India,Pakistan,Pakistan,Dubai International Cricket Stadium,Dubai,Pakistan,field,Shaheen Shah Afridi
1273729,2021-10-26,West Indies,South Africa,South Africa,Dubai International Cricket Stadium,Dubai,South Africa,field,A Nortje
1273730,2021-10-26,New Zealand,Pakistan,Pakistan,Sharjah Cricket Stadium,Sharjah,Pakistan,field,Haris Rauf
1273731,2021-10-27,Bangladesh,England,England,"Zayed Cricket Stadium, Abu Dhabi",Abu Dhabi,Bangladesh,bat,JJ Roy
1273732,2021-10-27,Scotland,Namibia,Namibia,"Zayed Cricket Stadium, Abu Dhabi",Abu Dhabi,Namibia,field,R Trumpelmann
1273733,2021-10-28,Sri Lanka,Australia,Australia,Dubai International Cricket Stadium,Dubai,Australia,field,A Zampa
1273734,2021-10-29,West Indies,Bangladesh,West Indies,Sharjah Cricket Stadium,Sharjah,Bangladesh,field,N Pooran
1273736,2021-10-30,Sri Lanka,South Africa,South Africa,Sharjah Cricket Stadium,Sharjah,South Africa,field,T Shamsi
1273737,2021-10-30,Australia,England,England,Dubai International Cricket Stadium,Dubai,England,field,CJ Jordan
1273739,2021-10-31,India,New Zealand,New Zealand,Dubai International Cricket Stadium,Dubai,New Zealand,field,IS Sodhi
1273740,2021-11-01,England,Sri Lanka,England,Sharjah Cricket Stadium,Sharjah,Sri Lanka,field,JC Buttler
1273741,2021-11-02,Bangladesh,South Africa,South Africa,"Zayed Cricket Stadium, Abu Dhabi",Abu Dhabi,South Africa,field,K Rabada
1273742,2021-11-02,Pakistan,Namibia,Pakistan,"Zayed Cricket Stadium, Abu Dhabi",Abu Dhabi,Pakistan,bat,Mohammad Rizwan
1273743,2021-11-03,New Zealand,Scotland,New Zealand,Dubai International Cricket Stadium,Dubai,Scotland,field,MJ Guptill
1273745,2021-11-04,Bangladesh,Australia,Australia,Dubai International Cricket Stadium,Dubai,Australia,field,A Zampa
1273746,2021-11-04,Sri Lanka,West Indies,Sri Lanka,"Zayed Cricket Stadium, Abu Dhabi",Abu Dhabi,West Indies,field,KIC Asalanka
1273747,2021-11-05,New Zealand,Namibia,New Zealand,Sharjah Cricket Stadium,Sharjah,Namibia,field,JDS Neesham
1273748,2021-11-05,Scotland,India,India,Dubai International Cricket Stadium,Dubai,India,field,RA Jadeja
1273749,2021-11-06,West Indies,Australia,Australia,"Zayed Cricket Stadium, Abu Dhabi",Abu Dhabi,Australia,field,DA Warner
1273750,2021-11-06,South Africa,England,South Africa,Sharjah Cricket Stadium,Sharjah,England,field,HE van der Dussen
1273752,2021-11-07,Pakistan,Scotland,Pakistan,Sharjah Cricket Stadium,Sharjah,Pakistan,bat,Shoaib Malik
1273753,2021-11-08,Namibia,India,India,Dubai International Cricket Stadium,Dubai,India,field,RA Jadeja
1273754,2021-11-10,England,New Zealand,New Zealand,"Zayed Cricket Stadium, Abu Dhabi",Abu Dhabi,New Zealand,field,DJ Mitchell
1273755,2021-11-11,Pakistan,Australia,Australia,Dubai International Cricket Stadium,Dubai,Australia,field,MS Wade
1273756,2021-11-14,New Zealand,Australia,Australia,Dubai International Cricket Stadium,Dubai,Australia,field,MR Marsh
1298135,2022-10-16,Namibia,Sri Lanka,Namibia,"GMHBA Stadium, South Geelong, Victoria",Geelong,Sri Lanka,field,JN Frylinck
1298136,2022-10-16,United Arab Emirates,Netherlands,Netherlands,"GMHBA Stadium, South Geelong, Victoria",Geelong,United Arab Emirates,bat,BFW de Leede
1298137,2022-10-17,Scotland,West Indies,Scotland,"Bellerive Oval, Hobart",Hobart,West Indies,field,HG Munsey
1298138,2022-10-17,Zimbabwe,Ireland,Zimbabwe,"Bellerive Oval, Hobart",Hobart,Ireland,field,Sikandar Raza
1298139,2022-10-18,Namibia,Netherlands,Netherlands,"GMHBA Stadium, South Geelong, Victoria",Geelong,Namibia,bat,BFW de Leede
1298140,2022-10-18,Sri Lanka,United Arab Emirates,Sri Lanka,"GMHBA Stadium, South Geelong, Victoria",Geelong,United Arab Emirates,field,P Nissanka
1298141,2022-10-19,Scotland,Ireland,Ireland,"Bellerive Oval, Hobart",Hobart,Scotland,bat,C Campher
1298142,2022-10-19,West Indies,Zimbabwe,West Indies,"Bellerive Oval, Hobart",Hobart,West Indies,bat,AS Joseph
1298143,2022-10-20,Sri Lanka,Netherlands,Sri Lanka,"GMHBA Stadium, South Geelong, Victoria",Geelong,Sri Lanka,bat,BKG Mendis
1298144,2022-10-20,United Arab Emirates,Namibia,United Arab Emirates,"GMHBA Stadium, South Geelong, Victoria",Geelong,United Arab Emirates,bat,Waseem Muhammad
1298145,2022-10-21,West Indies,Ireland,Ireland,"Bellerive Oval, Hobart",Hobart,West Indies,bat,GJ Delany
1298146,2022-10-21,Scotland,Zimbabwe,Zimbabwe,"Bellerive Oval, Hobart",Hobart,Scotland,bat,Sikandar Raza
1298147,2022-10-22,New Zealand,Australia,New Zealand,Sydney Cricket Ground,Sydney,Australia,field,DP Conway
1298149,2022-10-23,Ireland,Sri Lanka,Sri Lanka,"Bellerive Oval, Hobart",Hobart,Ireland,bat,BKG Mendis
1298150,2022-10-23,Pakistan,India,India,Melbourne Cricket Ground,Melbourne,India,field,V Kohli
1298151,2022-10-24,Bangladesh,Netherlands,Bangladesh,"Bellerive Oval, Hobart",Hobart,Netherlands,field,Taskin Ahmed
1298152,2022-10-24,Zimbabwe,South Africa,,"Bellerive Oval, Hobart",Hobart,Zimbabwe,bat,
1298153,2022-10-25,Sri Lanka,Australia,Australia,Perth Stadium,Perth,Australia,field,MP Stoinis
1298154,2022-10-26,Ireland,England,Ireland,Melbourne Cricket Ground,Melbourne,England,field,A Balbirnie
1298156,2022-10-27,South Africa,Bangladesh,South Africa,Sydney Cricket Ground,Sydney,South Africa,bat,RR Rossouw
1298157,2022-10-27,India,Netherlands,India,Sydney Cricket Ground,Sydney,India,bat,SA Yadav
1298158,2022-10-27,Zimbabwe,Pakistan,Zimbabwe,Perth Stadium,Perth,Zimbabwe,bat,Sikandar Raza
1298161,2022-10-29,New Zealand,Sri Lanka,New Zealand,Sydney Cricket Ground,Sydney,New Zealand,bat,GD Phillips
1298162,2022-10-30,Bangladesh,Zimbabwe,Bangladesh,"Brisbane Cricket Ground, Woolloongabba, Brisbane",Brisbane,Bangladesh,bat,Taskin Ahmed
1298163,2022-10-30,Netherlands,Pakistan,Pakistan,Perth Stadium,Perth,Netherlands,bat,Shadab Khan
1298164,2022-10-30,India,South Africa,South Africa,Perth Stadium,Perth,India,bat,L Ngidi
1298165,2022-10-31,Australia,Ireland,Australia,"Brisbane Cricket Ground, Woolloongabba, Brisbane",Brisbane,Ireland,field,AJ Finch
1298167,2022-11-01,England,New Zealand,England,"Brisbane Cricket Ground, Woolloongabba, Brisbane",Brisbane,England,bat,JC Buttler
1298168,2022-11-02,Zimbabwe,Netherlands,Netherlands,Adelaide Oval,Adelaide,Zimbabwe,bat,MP O'Dowd
1298169,2022-11-02,India,Bangladesh,India,Adelaide Oval,Adelaide,Bangladesh,field,V Kohli
1298170,2022-11-03,Pakistan,South Africa,Pakistan,Sydney Cricket Ground,Sydney,Pakistan,bat,Shadab Khan
1298171,2022-11-04,New Zealand,Ireland,New Zealand,Adelaide Oval,Adelaide,Ireland,field,KS Williamson
1298173,2022-11-05,Sri Lanka,England,England,Sydney Cricket Ground,Sydney,Sri Lanka,bat,AU Rashid
1298174,2022-11-06,Netherlands,South Africa,Netherlands,Adelaide Oval,Adelaide,South Africa,field,CN Ackermann
1298175,2022-11-06,Bangladesh,Pakistan,Pakistan,Adelaide Oval,Adelaide,Bangladesh,bat,Shaheen Shah Afridi
1298176,2022-11-06,India,Zimbabwe,India,Melbourne Cricket Ground,Melbourne,India,bat,SA Yadav
1298177,2022-11-09,New Zealand,Pakistan,Pakistan,Sydney Cricket Ground,Sydney,New Zealand,bat,Mohammad Rizwan
1298178,2022-11-10,India,England,England,Adelaide Oval,Adelaide,England,field,AD Hales
1298179,2022-11-13,Pakistan,England,England,Melbourne Cricket Ground,Melbourne,England,field,SM Curran
1415701,2024-06-01,Canada,United States of America,United States of America,"Grand Prairie Stadium, Dallas",Dallas,United States of America,field,Aaron Jones
1415702,2024-06-02,Papua New Guinea,West Indies,West Indies,"Providence Stadium, Guyana",Providence,West Indies,field,RL Chase
1415703,2024-06-02,Oman,Namibia,,"Kensington Oval, Bridgetown, Barbados",Bridgetown,Namibia,field,D Wiese
1415704,2024-06-03,Sri Lanka,South Africa,South Africa,"Nassau County International Cricket Stadium, New York",New York,Sri Lanka,bat,A Nortje
1415706,2024-06-04,Scotland,England,,"Kensington Oval, Bridgetown, Barbados",Bridgetown,Scotland,bat,
1415707,2024-06-04,Nepal,Netherlands,Netherlands,"Grand Prairie Stadium, Dallas",Dallas,Netherlands,field,TJG Pringle
1415708,2024-06-05,Ireland,India,India,"Nassau County International Cricket Stadium, New York",New York,India,field,JJ Bumrah
1415709,2024-06-05,Papua New Guinea,Uganda,Uganda,"Providence Stadium, Guyana",Providence,Uganda,field,Riazat Ali Shah
1415710,2024-06-05,Australia,Oman,Australia,"Kensington Oval, Bridgetown, Barbados",Bridgetown,Oman,field,MP Stoinis
1415711,2024-06-06,Pakistan,United States of America,,"Grand Prairie Stadium, Dallas",Dallas,United States of America,field,MD Patel
1415712,2024-06-06,Namibia,Scotland,Scotland,"Kensington Oval, Bridgetown, Barbados",Bridgetown,Namibia,bat,MA Leask
1415713,2024-06-07,Canada,Ireland,Canada,"Nassau County International Cricket Stadium, New York",New York,Ireland,field,NR Kirton
1415715,2024-06-07,Sri Lanka,Bangladesh,Bangladesh,"Grand Prairie Stadium, Dallas",Dallas,Bangladesh,field,Rishad Hossain
1415716,2024-06-08,Netherlands,South Africa,South Africa,"Nassau County International Cricket Stadium, New York",New York,South Africa,field,DA Miller
1415717,2024-06-08,Australia,England,Australia,"Kensington Oval, Bridgetown, Barbados",Bridgetown,England,field,A Zampa
1415718,2024-06-08,West Indies,Uganda,West Indies,"Providence Stadium, Guyana",Providence,West Indies,bat,AJ Hosein
1415719,2024-06-09,India,Pakistan,India,"Nassau County International Cricket Stadium, New York",New York,Pakistan,field,JJ Bumrah
1415720,2024-06-09,Oman,Scotland,Scotland,"Sir Vivian Richards Stadium, North Sound, Antigua",North Sound,Oman,bat,BJ McMullen
1415721,2024-06-10,South Africa,Bangladesh,South Africa,"Nassau County International Cricket Stadium, New York",New York,South Africa,bat,H Klaasen
1415722,2024-06-11,Canada,Pakistan,Pakistan,"Nassau County International Cricket Stadium, New York",New York,Pakistan,field,Mohammad Amir
1415724,2024-06-11,Namibia,Australia,Australia,"Sir Vivian Richards Stadium, North Sound, Antigua",North Sound,Australia,field,A Zampa
1415725,2024-06-12,United States of America,India,India,"Nassau County International Cricket Stadium, New York",New York,India,field,Arshdeep Singh
1415726,2024-06-12,West Indies,New Zealand,West Indies,"Brian Lara Stadium, Tarouba, Trinidad",Tarouba,New Zealand,field,SE Rutherford
1415727,2024-06-13,Bangladesh,Netherlands,Bangladesh,"Arnos Vale Ground, Kingstown, St Vincent",Kingstown,Netherlands,field,Shakib Al Hasan
1415728,2024-06-13,Oman,England,England,"Sir Vivian Richards Stadium, North Sound, Antigua",North Sound,England,field,AU Rashid
1415731,2024-06-14,South Africa,Nepal,South Africa,"Arnos Vale Ground, Kingstown, St Vincent",Kingstown,Nepal,field,T Shamsi
1415732,2024-06-14,Uganda,New Zealand,New Zealand,"Brian Lara Stadium, Tarouba, Trinidad",Tarouba,New Zealand,field,TG Southee
1415734,2024-06-15,England,Namibia,England,"Sir Vivian Richards Stadium, North Sound, Antigua",North Sound,Namibia,field,HC Brook
1415735,2024-06-15,Scotland,Australia,Australia,"Daren Sammy National Cricket Stadium, Gros Islet, St Lucia",Gros Islet,Australia,field,MP Stoinis
1415736,2024-06-16,Ireland,Pakistan,Pakistan,"Central Broward Regional Park Stadium Turf Ground, Lauderhill",Lauderhill,Pakistan,field,Shaheen Shah Afridi
1415737,2024-06-16,Bangladesh,Nepal,Bangladesh,"Arnos Vale Ground, Kingstown, St Vincent",Kingstown,Nepal,field,Tanzim Hasan Sakib
1415738,2024-06-16,Sri Lanka,Netherlands,Sri Lanka,"Daren Sammy National Cricket Stadium, Gros Islet, St Lucia",Gros Islet,Netherlands,field,KIC Asalanka
1415739,2024-06-17,Papua New Guinea,New Zealand,New Zealand,"Brian Lara Stadium, Tarouba, Trinidad",Tarouba,New Zealand,field,LH Ferguson
1415741,2024-06-19,South Africa,United States of America,South Africa,"Sir Vivian Richards Stadium, North Sound, Antigua",North Sound,United States of America,field,Q de Kock
1415742,2024-06-19,West Indies,England,England,"Daren Sammy National Cricket Stadium, Gros Islet, St Lucia",Gros Islet,England,field,PD Salt
1415744,2024-06-20,Bangladesh,Australia,Australia,"Sir Vivian Richards Stadium, North Sound, Antigua",North Sound,Australia,field,PJ Cummins
1415745,2024-06-21,South Africa,England,South Africa,"Daren Sammy National Cricket Stadium, Gros Islet, St Lucia",Gros Islet,England,field,Q de Kock
1415746,2024-06-21,United States of America,West Indies,West Indies,"Kensington Oval, Bridgetown, Barbados",Bridgetown,West Indies,field,RL Chase
1415747,2024-06-22,India,Bangladesh,India,"Sir Vivian Richards Stadium, North Sound, Antigua",North Sound,Bangladesh,field,HH Pandya
1415749,2024-06-23,United States of America,England,England,"Kensington Oval, Bridgetown, Barbados",Bridgetown,England,field,AU Rashid
1415750,2024-06-23,West Indies,South Africa,South Africa,"Sir Vivian Richards Stadium, North Sound, Antigua",North Sound,South Africa,field,T Shamsi
1415751,2024-06-24,India,Australia,India,"Daren Sammy National Cricket Stadium, Gros Islet, St Lucia",Gros Islet,Australia,field,RG Sharma
1415754,2024-06-27,India,England,India,"Providence Stadium, Guyana",Providence,England,field,AR Patel
1415755,2024-06-29,India,South Africa,India,"Kensington Oval, Bridgetown, Barbados",Bridgetown,India,bat,V Kohli
1512719,2026-02-07,Netherlands,Pakistan,Pakistan,"Sinhalese Sports Club Ground, Colombo",Colombo,Pakistan,field,Faheem Ashraf
1512720,2026-02-07,West Indies,Scotland,West Indies,"Eden Gardens, Kolkata",Kolkata,Scotland,field,SO Hetmyer
1512721,2026-02-07,India,United States of America,India,"Wankhede Stadium, Mumbai",Mumbai,United States of America,field,SA Yadav
1512723,2026-02-08,England,Nepal,England,"Wankhede Stadium, Mumbai",Mumbai,England,bat,WG Jacks
1512724,2026-02-08,Sri Lanka,Ireland,Sri Lanka,"R Premadasa Stadium, Colombo",Colombo,Ireland,field,PHKD Mendis
1512725,2026-02-09,Scotland,Italy,Scotland,"Eden Gardens, Kolkata",Kolkata,Italy,field,MA Leask
1512726,2026-02-09,Oman,Zimbabwe,Zimbabwe,"Sinhalese Sports Club Ground, Colombo",Colombo,Zimbabwe,field,B Muzarabani
1512727,2026-02-09,South Africa,Canada,South Africa,"Narendra Modi Stadium, Ahmedabad",Ahmedabad,Canada,field,L Ngidi
1512728,2026-02-10,Namibia,Netherlands,Netherlands,"Arun Jaitley Stadium, Delhi",Delhi,Netherlands,field,BFW de Leede
1512729,2026-02-10,United Arab Emirates,New Zealand,New Zealand,"MA Chidambaram Stadium, Chepauk, Chennai",Chennai,United Arab Emirates,bat,TL Seifert
1512730,2026-02-10,Pakistan,United States of America,Pakistan,"Sinhalese Sports Club Ground, Colombo",Colombo,United States of America,field,Sahibzada Farhan
1512732,2026-02-11,Australia,Ireland,Australia,"R Premadasa Stadium, Colombo",Colombo,Australia,bat,NT Ellis
1512733,2026-02-11,West Indies,England,West Indies,"Wankhede Stadium, Mumbai",Mumbai,England,field,SE Rutherford
1512734,2026-02-12,Sri Lanka,Oman,Sri Lanka,Pallekele International Cricket Stadium,Kandy,Oman,field,P Rathnayake
1512735,2026-02-12,Nepal,Italy,Italy,"Wankhede Stadium, Mumbai",Mumbai,Italy,field,CJPF Kalugamage
1512736,2026-02-12,India,Namibia,India,"Arun Jaitley Stadium, Delhi",Delhi,Namibia,field,HH Pandya
1512737,2026-02-13,Zimbabwe,Australia,Zimbabwe,"R Premadasa Stadium, Colombo",Colombo,Australia,field,B Muzarabani
1512738,2026-02-13,Canada,United Arab Emirates,United Arab Emirates,"Arun Jaitley Stadium, Delhi",Delhi,Canada,bat,Junaid Siddique
1512739,2026-02-13,United States of America,Netherlands,United States of America,"MA Chidambaram Stadium, Chepauk, Chennai",Chennai,Netherlands,field,Harmeet Singh
1512740,2026-02-14,Ireland,Oman,Ireland,"Sinhalese Sports Club Ground, Colombo",Colombo,Oman,field,L Tucker
1512741,2026-02-14,Scotland,England,England,"Eden Gardens, Kolkata",Kolkata,England,field,T Banton
1512742,2026-02-14,New Zealand,South Africa,South Africa,"Narendra Modi Stadium, Ahmedabad",Ahmedabad,South Africa,field,M Jansen
1512743,2026-02-15,Nepal,West Indies,West Indies,"Wankhede Stadium, Mumbai",Mumbai,West Indies,field,JO Holder
1512744,2026-02-15,United States of America,Namibia,United States of America,"MA Chidambaram Stadium, Chepauk, Chennai",Chennai,United States of America,bat,SP Krishnamurthi
1512745,2026-02-15,India,Pakistan,India,"R Premadasa Stadium, Colombo",Colombo,Pakistan,field,Ishan Kishan
1512747,2026-02-16,England,Italy,England,"Eden Gardens, Kolkata",Kolkata,England,bat,WG Jacks
1512748,2026-02-16,Australia,Sri Lanka,Sri Lanka,Pallekele International Cricket Stadium,Kandy,Sri Lanka,field,P Nissanka
1512749,2026-02-17,Canada,New Zealand,New Zealand,"MA Chidambaram Stadium, Chepauk, Chennai",Chennai,Canada,bat,GD Phillips
1512751,2026-02-17,Scotland,Nepal,Nepal,"Wankhede Stadium, Mumbai",Mumbai,Nepal,field,DS Airee
1512752,2026-02-18,United Arab Emirates,South Africa,South Africa,"Arun Jaitley Stadium, Delhi",Delhi,South Africa,field,C Bosch
1512753,2026-02-18,Pakistan,Namibia,Pakistan,"Sinhalese Sports Club Ground, Colombo",Colombo,Pakistan,bat,Sahibzada Farhan
1512754,2026-02-18,India,Netherlands,India,"Narendra Modi Stadium, Ahmedabad",Ahmedabad,India,bat,S Dube
1512755,2026-02-19,West Indies,Italy,West Indies,"Eden Gardens, Kolkata",Kolkata,Italy,field,SD Hope
1512756,2026-02-19,Sri Lanka,Zimbabwe,Zimbabwe,"R Premadasa Stadium, Colombo",Colombo,Sri Lanka,bat,Sikandar Raza
1512758,2026-02-20,Oman,Australia,Australia,Pallekele International Cricket Stadium,Kandy,Australia,field,A Zampa
1512760,2026-02-22,England,Sri Lanka,England,Pallekele International Cricket Stadium,Kandy,Sri Lanka,field,WG Jacks
1512761,2026-02-22,South Africa,India,South Africa,"Narendra Modi Stadium, Ahmedabad",Ahmedabad,South Africa,bat,DA Miller
1512762,2026-02-23,West Indies,Zimbabwe,West Indies,"Wankhede Stadium, Mumbai",Mumbai,Zimbabwe,field,SO Hetmyer
1512763,2026-02-24,Pakistan,England,England,Pallekele International Cricket Stadium,Kandy,Pakistan,bat,HC Brook
1512764,2026-02-25,New Zealand,Sri Lanka,New Zealand,"R Premadasa Stadium, Colombo",Colombo,Sri Lanka,field,R Ravindra
1512765,2026-02-26,West Indies,South Africa,South Africa,"Narendra Modi Stadium, Ahmedabad",Ahmedabad,South Africa,field,AK Markram
1512766,2026-02-26,India,Zimbabwe,India,"MA Chidambaram Stadium, Chepauk, Chennai",Chennai,Zimbabwe,field,HH Pandya
1512767,2026-02-27,New Zealand,England,England,"R Premadasa Stadium, Colombo",Colombo,New Zealand,bat,WG Jacks
1512768,2026-02-28,Pakistan,Sri Lanka,Pakistan,Pallekele International Cricket Stadium,Kandy,Sri Lanka,field,Sahibzada Farhan
1512769,2026-03-01,Zimbabwe,South Africa,South Africa,"Arun Jaitley Stadium, Delhi",Delhi,Zimbabwe,bat,Sikandar Raza
1512770,2026-03-01,West Indies,India,India,"Eden Gardens, Kolkata",Kolkata,India,field,SV Samson
1512771,2026-03-04,South Africa,New Zealand,New Zealand,"Eden Gardens, Kolkata",Kolkata,New Zealand,field,FH Allen
1512772,2026-03-05,India,England,India,"Wankhede Stadium, Mumbai",Mumbai,England,field,SV Samson
1512773,2026-03-08,India,New Zealand,India,"Narendra Modi Stadium, Ahmedabad",Ahmedabad,New Zealand,field,JJ Bumrah
682899,2014-03-16,Hong Kong,Nepal,Nepal,Zahur Ahmed Chowdhury Stadium,Chittagong,Hong Kong,field,SP Gauchan
682901,2014-03-17,Ireland,Zimbabwe,Ireland,Sylhet Stadium,,Ireland,field,PR Stirling
682903,2014-03-17,Netherlands,United Arab Emirates,Netherlands,Sylhet Stadium,,United Arab Emirates,bat,TLW Cooper
682907,2014-03-18,Bangladesh,Nepal,Bangladesh,Zahur Ahmed Chowdhury Stadium,Chittagong,Bangladesh,field,Al-Amin Hossain
682909,2014-03-19,Netherlands,Zimbabwe,Zimbabwe,Sylhet Stadium,,Netherlands,bat,BRM Taylor
682911,2014-03-19,Ireland,United Arab Emirates,Ireland,Sylhet Stadium,,Ireland,field,EC Joyce
682915,2014-03-20,Bangladesh,Hong Kong,Hong Kong,Zahur Ahmed Chowdhury Stadium,Chittagong,Hong Kong,field,Nadeem Ahmed
682917,2014-03-21,United Arab Emirates,Zimbabwe,Zimbabwe,Sylhet Stadium,,Zimbabwe,field,E Chigumbura
682919,2014-03-21,Ireland,Netherlands,Netherlands,Sylhet Stadium,,Netherlands,field,SJ Myburgh
682921,2014-03-21,India,Pakistan,India,Shere Bangla National Stadium,Mirpur,India,field,A Mishra
682923,2014-03-22,South Africa,Sri Lanka,Sri Lanka,Zahur Ahmed Chowdhury Stadium,Chittagong,Sri Lanka,bat,MDKJ Perera
682925,2014-03-22,England,New Zealand,New Zealand,Zahur Ahmed Chowdhury Stadium,Chattogram,New Zealand,field,CJ Anderson
682927,2014-03-23,Australia,Pakistan,Pakistan,Shere Bangla National Stadium,Mirpur,Australia,field,Umar Akmal
682929,2014-03-23,India,West Indies,India,Shere Bangla National Stadium,Mirpur,India,field,A Mishra
682931,2014-03-24,New Zealand,South Africa,South Africa,Zahur Ahmed Chowdhury Stadium,Chittagong,New Zealand,field,JP Duminy
682933,2014-03-24,Netherlands,Sri Lanka,Sri Lanka,Zahur Ahmed Chowdhury Stadium,Chittagong,Sri Lanka,field,AD Mathews
682935,2014-03-25,Bangladesh,West Indies,West Indies,Shere Bangla National Stadium,Mirpur,Bangladesh,field,DR Smith
682937,2014-03-27,Netherlands,South Africa,South Africa,Zahur Ahmed Chowdhury Stadium,Chittagong,Netherlands,field,Imran Tahir
682939,2014-03-27,England,Sri Lanka,England,Zahur Ahmed Chowdhury Stadium,Chittagong,England,field,AD Hales
682941,2014-03-28,Australia,West Indies,West Indies,Shere Bangla National Stadium,Mirpur,Australia,bat,DJG Sammy
682943,2014-03-28,Bangladesh,India,India,Shere Bangla National Stadium,Mirpur,India,field,R Ashwin
682945,2014-03-29,Netherlands,New Zealand,New Zealand,Zahur Ahmed Chowdhury Stadium,Chittagong,New Zealand,field,BB McCullum
682947,2014-03-29,England,South Africa,South Africa,Zahur Ahmed Chowdhury Stadium,Chittagong,England,field,AB de Villiers
682949,2014-03-30,Bangladesh,Pakistan,Pakistan,Shere Bangla National Stadium,Mirpur,Pakistan,bat,Ahmed Shehzad
682951,2014-03-30,Australia,India,India,Shere Bangla National Stadium,Mirpur,Australia,field,R Ashwin
682953,2014-03-31,England,Netherlands,Netherlands,Zahur Ahmed Chowdhury Stadium,Chittagong,England,field,Mudassar Bukhari
682955,2014-03-31,New Zealand,Sri Lanka,Sri Lanka,Zahur Ahmed Chowdhury Stadium,Chittagong,New Zealand,field,HMRKB Herath
682957,2014-04-01,Bangladesh,Australia,Australia,Shere Bangla National Stadium,Mirpur,Bangladesh,bat,AJ Finch
682959,2014-04-01,Pakistan,West Indies,West Indies,Shere Bangla National Stadium,Mirpur,West Indies,bat,DJ Bravo
682961,2014-04-03,Sri Lanka,West Indies,Sri Lanka,Shere Bangla National Stadium,Mirpur,Sri Lanka,bat,AD Mathews
682963,2014-04-04,India,South Africa,India,Shere Bangla National Stadium,Mirpur,South Africa,bat,V Kohli
682965,2014-04-06,India,Sri Lanka,Sri Lanka,Shere Bangla National Stadium,Mirpur,Sri Lanka,field,KC Sangakkara
951309,2016-03-09,Bangladesh,Netherlands,Bangladesh,Himachal Pradesh Cricket Association Stadium,Dharamsala,Netherlands,field,Tamim Iqbal
951311,2016-03-09,Ireland,Oman,Oman,Himachal Pradesh Cricket Association Stadium,Dharamsala,Ireland,bat,Amir Ali
951313,2016-03-10,Scotland,Zimbabwe,Zimbabwe,"Vidarbha Cricket Association Stadium, Jamtha",Nagpur,Zimbabwe,bat,WP Masakadza
951319,2016-03-11,Bangladesh,Ireland,,Himachal Pradesh Cricket Association Stadium,Dharamsala,Ireland,field,
951323,2016-03-12,Hong Kong,Scotland,Scotland,"Vidarbha Cricket Association Stadium, Jamtha",Nagpur,Hong Kong,bat,MW Machan
951325,2016-03-13,Ireland,Netherlands,Netherlands,Himachal Pradesh Cricket Association Stadium,Dharamsala,Ireland,field,PA van Meekeren
951327,2016-03-13,Bangladesh,Oman,Bangladesh,Himachal Pradesh Cricket Association Stadium,Dharamsala,Oman,field,Tamim Iqbal
951329,2016-03-15,India,New Zealand,New Zealand,"Vidarbha Cricket Association Stadium, Jamtha",Nagpur,New Zealand,bat,MJ Santner
951331,2016-03-16,England,West Indies,West Indies,Wankhede Stadium,Mumbai,West Indies,field,CH Gayle
951333,2016-03-16,Bangladesh,Pakistan,Pakistan,Eden Gardens,Kolkata,Pakistan,bat,Shahid Afridi
951337,2016-03-18,Australia,New Zealand,New Zealand,Himachal Pradesh Cricket Association Stadium,Dharamsala,New Zealand,bat,MJ McClenaghan
951339,2016-03-18,England,South Africa,England,Wankhede Stadium,Mumbai,England,field,JE Root
951341,2016-03-19,India,Pakistan,India,Eden Gardens,Kolkata,India,field,V Kohli
951345,2016-03-20,Sri Lanka,West Indies,West Indies,M Chinnaswamy Stadium,Bangalore,West Indies,field,ADS Fletcher
951347,2016-03-21,Australia,Bangladesh,Australia,M Chinnaswamy Stadium,Bangalore,Australia,field,A Zampa
951349,2016-03-22,New Zealand,Pakistan,New Zealand,"Punjab Cricket Association IS Bindra Stadium, Mohali",Chandigarh,New Zealand,bat,MJ Guptill
951353,2016-03-23,India,Bangladesh,India,M Chinnaswamy Stadium,Bangalore,Bangladesh,field,R Ashwin
951355,2016-03-25,Australia,Pakistan,Australia,"Punjab Cricket Association IS Bindra Stadium, Mohali",Chandigarh,Australia,bat,JP Faulkner
951357,2016-03-25,South Africa,West Indies,West Indies,"Vidarbha Cricket Association Stadium, Jamtha",Nagpur,West Indies,field,MN Samuels
951359,2016-03-26,Bangladesh,New Zealand,New Zealand,Eden Gardens,Kolkata,New Zealand,bat,KS Williamson
951361,2016-03-26,England,Sri Lanka,England,Feroz Shah Kotla,Delhi,Sri Lanka,field,JC Buttler
951363,2016-03-27,India,Australia,India,"Punjab Cricket Association IS Bindra Stadium, Mohali",Chandigarh,Australia,bat,V Kohli
951367,2016-03-28,South Africa,Sri Lanka,South Africa,Feroz Shah Kotla,Delhi,South Africa,field,AM Phangiso
951369,2016-03-30,England,New Zealand,England,Feroz Shah Kotla,Delhi,England,field,JJ Roy
951371,2016-03-31,India,West Indies,West Indies,Wankhede Stadium,Mumbai,West Indies,field,LMP Simmons
951373,2016-04-03,England,West Indies,West Indies,Eden Gardens,Kolkata,West Indies,field,MN Samuels
