Bowler,Balls,RunsConceded,Bowled,Caught,LBW,Stumped,HitWicket,CaughtAndBowled,RunOut,TotalWickets,Overs,Economy
A Bohara,48,61,1,0,0,0,0,0,0,1,8.0,7.62
A Dutt,122,130,2,5,0,1,0,0,0,8,20.33,6.39
A Mishra,135,153,1,5,1,3,0,0,1,10,22.5,6.8
A Nao,57,47,0,0,3,0,0,0,1,3,9.5,4.95
A Nehra,114,117,0,5,0,0,0,0,1,5,19.0,6.16
A Nortje,480,481,8,24,2,0,1,1,5,36,80.0,6.01
A Vala,66,81,0,4,0,0,0,1,0,5,11.0,7.36
A Zampa,516,575,8,21,8,3,0,0,0,40,86.0,6.69
AC Agar,73,103,1,2,0,0,0,0,1,3,12.17,8.47
AC Evans,79,121,1,2,0,0,0,0,0,3,13.17,9.19
AD Mathews,174,199,1,3,1,0,0,0,0,5,29.0,6.86
AD Russell,391,508,8,17,0,0,0,1,1,26,65.17,7.8
AF Milne,193,242,2,3,0,0,0,0,0,5,32.17,7.52
AG Cremer,85,125,0,2,0,0,0,1,0,3,14.17,8.82
AJ Finch,6,18,0,0,0,0,0,0,0,0,1.0,18.0
AJ Hosein,424,505,6,10,3,0,0,2,1,21,70.67,7.15
AK Markram,144,169,0,4,0,0,0,0,0,4,24.0,7.04
AM Guruge,48,58,1,0,0,0,0,1,0,2,8.0,7.25
AM Phangiso,49,45,2,1,0,0,0,0,1,3,8.17,5.51
AR Cusack,55,106,0,1,0,0,0,0,0,1,9.17,11.56
AR McBrine,67,111,0,2,1,2,0,0,0,5,11.17,9.94
AR Patel,350,483,7,10,1,2,0,2,1,22,58.33,8.28
AR Ramjani,42,37,1,0,2,0,0,0,0,3,7.0,5.29
AS Joseph,210,234,7,10,0,0,0,1,1,18,35.0,6.69
AU Rashid,718,842,10,21,3,4,0,1,1,39,119.67,7.04
AV Lalcheta,42,59,1,0,0,0,0,0,0,1,7.0,8.43
Aamir Kaleem,55,71,0,1,1,0,0,0,0,2,9.17,7.75
Aayan Afzal Khan,48,38,0,2,0,0,0,0,1,2,8.0,4.75
Abbas Afridi,20,32,0,0,0,0,0,0,0,0,3.33,9.6
Abdur Razzak,73,82,0,1,1,1,0,0,0,3,12.17,6.74
Abhishek Sharma,12,15,0,1,0,0,0,0,0,1,2.0,7.5
Abrar Ahmed,91,118,5,1,0,0,0,0,0,6,15.17,7.78
Abu Hider,13,15,0,0,0,0,0,0,0,0,2.17,6.92
Afif Hossain,18,36,0,1,0,0,0,0,0,1,3.0,12.0
Agha Salman,12,10,0,1,0,0,0,0,0,1,2.0,5.0
Ahmed Raza,32,56,0,1,0,0,0,0,0,1,5.33,10.5
Ahsan Malik,157,185,2,9,0,0,0,1,1,12,26.17,7.07
Aizaz Khan,26,29,0,1,0,0,0,0,0,1,4.33,6.69
Al-Amin Hossain,258,333,4,13,1,0,0,0,2,18,43.0,7.74
Ali Hasan,88,117,0,4,0,0,0,0,0,4,14.67,7.98
Ali Khan,180,264,1,4,0,0,0,0,0,5,30.0,8.8
Amir Ali,31,37,0,0,0,0,0,0,0,0,5.17,7.16
Amjad Javed,49,62,1,0,0,0,0,0,1,1,8.17,7.59
Ansh Patel,55,80,0,3,0,0,0,0,0,3,9.17,8.73
Aqib Ilyas,114,136,1,1,0,0,0,0,0,2,19.0,7.16
Arafat Sunny,36,45,1,1,0,0,0,0,0,2,6.0,7.5
Arshdeep Singh,492,608,3,25,5,0,0,0,1,33,82.0,7.41
Aryan Lakra,18,24,0,0,1,0,0,0,0,1,3.0,8.0
Ayan Khan,19,33,0,1,0,0,0,0,0,1,3.17,10.42
B Evans,178,258,2,10,0,0,0,0,2,12,29.67,8.7
B Fernando,86,119,2,2,0,0,0,1,1,5,14.33,8.3
B Kumar,255,253,2,5,0,0,0,1,1,8,42.5,5.95
B Masaba,50,48,1,1,0,0,0,1,0,3,8.33,5.76
B Muzarabani,311,412,4,21,0,0,0,0,0,25,51.83,7.95
B Regmi,42,29,2,2,0,0,0,0,0,4,7.0,4.14
B Shikongo,67,128,0,4,0,0,0,0,0,4,11.17,11.46
B White,37,44,0,2,0,0,0,0,0,2,6.17,7.14
BA Stokes,181,250,0,7,0,0,0,0,1,7,30.17,8.29
BAD Manenti,86,103,0,4,0,1,0,0,0,5,14.33,7.19
BAW Mendis,63,113,0,2,2,0,0,0,1,4,10.5,10.76
BD Glover,94,94,0,8,1,0,0,0,0,9,15.67,6.0
BE Hendricks,75,99,0,4,0,0,0,0,0,4,12.5,7.92
BFW de Leede,311,407,3,18,0,0,0,0,1,21,51.83,7.85
BJ Bennett,30,43,0,0,0,0,0,0,0,0,5.0,8.6
BJ Currie,106,107,1,5,0,0,0,0,0,6,17.67,6.06
BJ Dwarshuis,25,40,0,0,0,0,0,0,0,0,4.17,9.6
BJ Hodge,13,15,0,1,0,0,0,0,0,1,2.17,6.92
BJ McCarthy,284,396,0,14,0,0,0,0,0,14,47.33,8.37
BJ McMullen,37,48,0,1,0,0,0,0,0,1,6.17,7.78
BM Scholtz,330,378,0,8,3,1,0,0,1,12,55.0,6.87
BTJ Wheal,342,462,0,17,2,0,0,0,3,19,57.0,8.11
Basil Hameed,30,40,1,1,1,0,0,0,0,3,5.0,8.0
Bilal Khan,200,233,4,4,1,0,0,0,1,9,33.33,6.99
Bilawal Bhatti,25,53,2,1,0,0,0,0,1,3,4.17,12.72
C Bosch,153,192,2,9,0,0,0,0,1,11,25.5,7.53
C Campher,159,194,1,7,2,0,0,0,0,10,26.5,7.32
C Connolly,36,53,0,0,0,0,0,0,0,0,6.0,8.83
C Green,20,18,0,1,0,0,0,0,0,1,3.33,5.4
C Karunaratne,255,313,2,5,1,0,0,1,2,9,42.5,7.36
C Kyewuta,61,82,1,2,0,0,0,0,0,3,10.17,8.07
CA Soper,99,124,1,4,0,0,0,0,0,5,16.5,7.52
CA Young,84,101,0,2,0,0,0,0,0,2,14.0,7.21
CAK Rajitha,47,64,0,2,0,0,0,0,0,2,7.83,8.17
CB Sole,63,98,0,2,0,0,0,0,0,2,10.5,9.33
CBRLS Kumara,260,337,2,9,2,0,0,0,4,13,43.33,7.78
CD de Lange,24,19,0,1,0,0,0,0,1,1,4.0,4.75
CE McConchie,49,77,0,2,0,0,0,0,0,2,8.17,9.43
CH Gayle,32,33,1,2,0,0,0,0,0,3,5.33,6.19
CH Morris,47,78,0,1,0,0,0,0,0,1,7.83,9.96
CJ Anderson,197,257,2,3,0,0,0,2,2,7,32.83,7.83
CJ Jordan,447,588,6,21,2,0,1,0,4,30,74.5,7.89
CJA Amini,73,102,0,0,0,0,0,0,0,0,12.17,8.38
CJPF Kalugamage,92,117,2,5,0,0,0,0,1,7,15.33,7.63
CN Ackermann,99,140,1,1,0,0,0,0,0,2,16.5,8.48
CN Greaves,164,209,1,7,0,0,0,0,0,8,27.33,7.65
CR Brathwaite,100,128,0,3,1,0,0,0,0,4,16.67,7.68
CR Woakes,229,307,0,10,1,0,0,0,0,11,38.17,8.04
CS MacLeod,6,11,0,0,0,0,0,0,0,0,1.0,11.0
CV Varun,258,365,6,6,1,1,0,0,0,14,43.0,8.49
D Heyliger,129,146,0,6,0,0,0,0,0,6,21.5,6.79
D Madushanka,88,114,0,4,1,0,0,0,1,5,14.67,7.77
D Myers,15,28,0,0,0,0,0,0,0,0,2.5,11.2
D Parashar,18,22,0,0,0,0,0,0,0,0,3.0,7.33
D Pretorius,90,102,1,8,0,0,0,0,0,9,15.0,6.8
D Ravu,49,69,0,2,0,0,0,0,0,2,8.17,8.45
D Wiese,311,360,2,11,2,0,0,1,4,16,51.83,6.95
DE Bollinger,96,119,0,3,0,0,0,1,0,4,16.0,7.44
DJ Bravo,284,379,1,10,1,0,0,0,3,12,47.33,8.01
DJ Mitchell,6,19,0,0,0,0,0,0,0,0,1.0,19.0
DJ Willey,107,139,0,7,1,0,0,0,1,8,17.83,7.79
DJG Sammy,24,45,0,0,0,0,0,0,0,0,4.0,11.25
DM Nakrani,18,20,0,1,0,0,0,0,0,1,3.0,6.67
DM de Silva,80,85,1,4,0,0,0,1,0,6,13.33,6.38
DN Wellalage,167,196,1,3,2,1,0,1,0,8,27.83,7.04
DR Smith,6,11,0,0,0,0,0,0,0,0,1.0,11.0
DS Airee,137,138,2,3,1,0,0,2,1,8,22.83,6.04
DS Bajwa,46,70,1,0,0,0,0,0,0,1,7.67,9.13
DT Christian,12,17,0,0,0,0,0,0,0,0,2.0,8.5
DT Tiripano,23,23,1,1,0,0,0,0,0,2,3.83,6.0
DW Steyn,160,227,2,8,0,0,0,0,1,10,26.67,8.51
EHSN Silva,42,59,1,1,0,0,0,0,0,2,7.0,8.43
Ebadat Hossain,20,29,0,1,0,0,0,0,0,1,3.33,8.7
Ehsan Adil,21,39,0,0,0,0,0,0,0,0,3.5,11.14
Ehsan Nawaz,6,10,0,0,0,0,0,0,0,0,1.0,10.0
F Behardien,18,15,0,1,1,0,0,0,0,2,3.0,5.0
F Hand,35,56,1,0,0,0,0,0,0,1,5.83,9.6
F Nsubuga,43,33,1,0,1,0,0,0,0,2,7.17,4.6
FJ Klaassen,287,306,2,10,0,0,0,0,1,12,47.83,6.4
Faheem Ashraf,12,17,0,0,0,0,0,0,0,0,2.0,8.5
Farhad Reza,32,50,0,1,0,0,0,0,0,1,5.33,9.38
Fayyaz Butt,46,61,0,3,0,0,0,1,1,4,7.67,7.96
G Motie,236,297,6,6,3,0,0,1,0,16,39.33,7.55
G Stewart,90,157,0,3,0,0,0,0,0,3,15.0,10.47
GB Hogg,19,34,0,0,0,0,0,0,0,0,3.17,10.74
GD Elliott,79,75,1,1,1,0,0,0,1,3,13.17,5.7
GD Phillips,86,129,0,3,0,0,0,0,0,3,14.33,9.0
GF Linde,42,39,0,1,1,0,0,0,0,2,7.0,5.57
GH Dockrell,178,209,1,10,0,1,0,0,0,12,29.67,7.04
GJ Delany,221,264,0,7,0,0,0,1,0,8,36.83,7.17
GJ Maxwell,313,405,2,9,2,0,0,0,1,13,52.17,7.76
GSNFG Jayasuriya,6,9,0,0,0,0,0,0,0,0,1.0,9.0
GT Main,7,13,0,1,0,0,0,0,0,1,1.17,11.14
Gulsan Jha,13,17,0,0,0,0,0,0,0,0,2.17,7.85
H Kaushik,12,17,0,0,0,0,0,0,0,0,2.0,8.5
H Masakadza,19,31,0,0,0,0,0,0,0,0,3.17,9.79
HH Pandya,563,792,4,27,1,0,0,1,2,33,93.83,8.44
HJ Manenti,7,15,0,0,0,0,0,0,0,0,1.17,12.86
HMRKB Herath,143,129,1,2,3,1,0,0,2,7,23.83,5.41
HN Ya France,25,26,0,0,0,0,0,0,0,0,4.17,6.24
HR Walsh,32,45,0,0,0,0,0,0,0,0,5.33,8.44
HT Tector,30,38,0,1,0,0,0,0,0,1,5.0,7.6
Haider Ali,66,93,1,0,0,0,0,0,0,1,11.0,8.45
Hamza Tahir,24,24,0,1,0,0,0,0,0,1,4.0,6.0
Haris Rauf,371,425,5,17,0,0,0,0,3,22,61.83,6.87
Harmeet Singh,191,254,1,8,1,0,0,1,0,11,31.83,7.98
Hasan Ali,119,171,2,2,0,0,0,0,1,4,19.83,8.62
Hasan Mahmud,102,136,1,5,0,0,0,0,0,6,17.0,8.0
Haseeb Amjad,37,42,1,1,0,0,0,1,2,3,6.17,6.81
IS Sodhi,429,501,5,12,4,4,0,1,0,26,71.5,7.01
Iftikhar Ahmed,36,46,1,0,0,0,0,0,0,1,6.0,7.67
Imad Wasim,226,205,2,6,0,0,0,0,1,8,37.67,5.44
Imran Tahir,198,192,3,8,2,3,0,0,0,16,33.0,5.82
Irfan Ahmed,40,51,0,1,0,0,0,0,0,1,6.67,7.65
J Kariko,48,36,0,1,0,0,0,0,0,1,8.0,4.5
J Little,342,373,4,13,2,0,0,0,0,19,57.0,6.54
J Liyanage,6,14,0,0,0,0,0,0,0,0,1.0,14.0
J Miyaji,58,61,1,1,0,0,0,0,1,2,9.67,6.31
J Overton,123,152,2,5,1,0,1,0,0,9,20.5,7.41
J Ramanandi,49,99,1,1,0,0,0,0,1,2,8.17,12.12
JA Duffy,77,133,0,2,0,0,0,0,0,2,12.83,10.36
JA Morkel,65,94,0,1,0,0,0,0,0,1,10.83,8.68
JC Archer,354,484,2,19,0,0,0,0,0,21,59.0,8.2
JC Tredwell,67,87,0,0,0,1,0,0,0,1,11.17,7.79
JDF Vandersay,72,65,1,1,1,0,0,0,0,3,12.0,5.42
JDS Neesham,179,264,2,9,1,0,0,0,0,12,29.83,8.85
JE Root,12,22,0,2,0,0,0,0,0,2,2.0,11.0
JE Taylor,21,30,0,0,0,0,0,0,0,0,3.5,8.57
JG Bethell,6,13,0,0,0,0,0,0,0,0,1.0,13.0
JH Davey,188,228,2,9,0,0,0,1,2,12,31.33,7.28
JJ Bumrah,542,534,16,17,2,0,0,1,0,36,90.33,5.91
JJ Smit,277,406,2,5,0,0,0,0,2,7,46.17,8.79
JK Mukhiya,24,28,1,0,0,0,0,0,0,1,4.0,7.0
JM Muirhead,30,47,0,2,0,0,0,0,0,2,5.0,9.4
JN Frylinck,188,208,2,9,1,0,0,0,0,12,31.33,6.64
JN Loftie-Eaton,79,127,0,1,0,0,0,0,0,1,13.17,9.65
JO Holder,274,347,3,11,1,0,0,1,1,16,45.67,7.6
JOA Gordon,70,78,0,2,0,0,0,1,0,3,11.67,6.69
JP Duminy,88,136,2,0,0,0,0,0,0,2,14.67,9.27
JP Faulkner,103,137,2,6,0,0,0,0,0,8,17.17,7.98
JR Hazlewood,392,448,4,14,0,0,0,1,0,19,65.33,6.86
JT Brassell,40,94,0,2,0,0,0,0,0,2,6.67,14.1
JT Smuts,91,111,0,3,0,0,0,0,0,3,15.17,7.32
JW Dernbach,60,101,0,3,0,0,0,0,0,3,10.0,10.1
JW Hastings,18,24,0,0,0,0,0,0,0,0,3.0,8.0
Jasdeep Singh,77,123,0,0,1,0,0,0,0,1,12.83,9.58
Jaskaran Singh,68,125,0,1,0,0,0,0,0,1,11.33,11.03
Jaspreet Singh,16,18,0,1,0,0,0,0,1,1,2.67,6.75
Jay Odedra,19,35,1,0,0,0,0,0,0,1,3.17,11.05
Junaid Khan,18,23,0,0,0,0,0,0,0,0,3.0,7.67
Junaid Siddique,146,204,2,6,1,0,0,0,0,9,24.33,8.38
Junaid Siddiqui,43,55,0,0,0,0,0,1,0,1,7.17,7.67
K Bhurtel,125,154,1,3,0,1,0,0,0,5,20.83,7.39
K Birkenstock,12,9,0,0,0,0,0,0,1,0,2.0,4.5
K Klein,69,96,1,2,0,0,0,0,0,3,11.5,8.35
K Rabada,590,767,5,20,2,0,0,1,3,28,98.33,7.8
K Santokie,118,132,2,4,1,1,0,0,0,8,19.67,6.71
K Sonavale,3,6,0,0,0,0,0,0,0,0,0.5,12.0
KA Jamieson,25,41,0,1,0,0,0,0,0,1,4.17,9.84
KA Maharaj,458,542,2,16,0,3,0,0,1,21,76.33,7.1
KA Pollard,15,23,0,0,0,0,0,0,0,0,2.5,9.2
KD Mills,92,116,0,4,0,0,0,0,0,4,15.33,7.57
KIC Asalanka,30,39,0,0,0,0,0,0,0,0,5.0,7.8
KJ Abbott,47,60,1,3,1,0,0,0,2,5,7.83,7.66
KJ O'Brien,112,145,2,3,0,0,0,1,0,6,18.67,7.77
KMDN Kulasekara,132,141,1,7,0,0,0,0,0,8,22.0,6.41
KP Meiyappan,72,76,2,3,0,0,0,0,1,5,12.0,6.33
KR Mayers,21,43,0,0,0,0,0,0,0,0,3.5,12.29
KS Williamson,18,33,0,0,0,0,0,0,0,0,3.0,11.0
KT Maphaka,53,55,1,1,0,0,0,0,0,2,8.83,6.23
KV Morea,96,110,2,6,0,0,0,0,1,8,16.0,6.88
Kaleem Sana,128,165,0,1,1,0,0,0,0,2,21.33,7.73
Kaleemullah,91,117,1,5,0,0,0,0,0,6,15.17,7.71
Kamran Shazad,53,79,0,2,0,0,0,0,0,2,8.83,8.94
Karan KC,66,94,0,0,0,0,0,0,1,0,11.0,8.55
Kashif Daud,12,19,0,0,0,0,0,0,0,0,2.0,9.5
Khawar Ali,72,90,2,0,0,1,0,0,0,3,12.0,7.5
Khurram Khan,6,8,0,0,0,0,0,1,0,1,1.0,8.0
Kuldeep Yadav,115,122,2,3,4,0,0,0,0,9,19.17,6.37
Kushal Malla,12,18,0,0,0,0,0,0,0,0,2.0,9.0
L Ngidi,217,278,1,13,1,0,0,1,0,16,36.17,7.69
L Siaka,19,26,0,0,0,0,0,0,0,0,3.17,8.21
L Wood,21,31,1,0,0,0,0,0,0,1,3.5,8.86
LA Dawson,168,210,1,7,1,0,0,1,0,10,28.0,7.5
LE Plunkett,76,91,0,2,0,0,0,0,0,2,12.67,7.18
LH Ferguson,301,363,5,8,3,0,0,1,0,17,50.17,7.24
LL Tsotsobe,74,107,0,1,0,0,0,0,1,1,12.33,8.68
LM Jongwe,34,59,0,2,0,0,0,0,0,2,5.67,10.41
LN Rajbanshi,6,20,0,0,0,0,0,0,0,0,1.0,20.0
LS Livingstone,231,267,1,8,1,2,0,0,1,12,38.5,6.94
LV van Beek,446,620,3,17,1,0,0,1,1,22,74.33,8.34
M Ansari,52,93,2,1,0,0,0,0,0,3,8.67,10.73
M Heingo,24,52,0,0,0,0,0,0,0,0,4.0,13.0
M Jansen,299,400,1,13,0,0,0,0,1,14,49.83,8.03
M Morkel,44,81,1,1,0,0,0,0,0,2,7.33,11.05
M Pathirana,107,95,2,3,0,0,0,0,0,5,17.83,5.33
M Theekshana,541,571,10,13,1,4,0,1,2,29,90.17,6.33
M van Lingen,14,28,0,0,0,0,0,0,0,0,2.33,12.0
MA Leask,297,376,3,14,0,1,0,0,1,18,49.5,7.6
MA Starc,467,669,9,12,1,0,0,0,0,22,77.83,8.6
MA Wood,200,285,1,8,0,0,0,1,2,10,33.33,8.55
MADI Hemantha,110,178,0,4,1,1,0,0,0,6,18.33,9.71
MC Sorensen,44,67,0,2,0,0,0,0,0,2,7.33,9.14
MD Shanaka,192,258,0,8,0,0,0,0,0,8,32.0,8.06
MG Erasmus,193,214,2,7,1,1,0,1,1,12,32.17,6.65
MJ Henry,157,213,2,7,0,0,0,0,0,9,26.17,8.14
MJ Humphreys,74,105,1,0,1,0,0,1,2,3,12.33,8.51
MJ McClenaghan,165,198,1,7,0,0,0,0,0,8,27.5,7.2
MJ Santner,563,594,2,21,1,3,0,0,0,27,93.83,6.33
MM Ali,254,318,2,10,1,0,0,1,1,14,42.33,7.51
MM Sharma,42,64,1,1,0,0,0,0,0,2,7.0,9.14
MN Samuels,83,95,1,2,0,0,0,0,1,3,13.83,6.87
MP Kuhnemann,42,53,0,1,0,0,0,0,0,1,7.0,7.57
MP Stoinis,216,310,0,13,0,0,0,1,0,14,36.0,8.61
MR Adair,366,465,2,12,1,0,0,0,4,15,61.0,7.62
MR Marsh,68,90,0,1,0,0,0,0,0,1,11.33,7.94
MR Swart,63,98,0,2,0,0,0,0,0,2,10.5,9.33
MRJ Watt,446,521,3,14,0,2,0,0,2,19,74.33,7.01
MS Chapman,12,19,0,0,0,0,0,0,0,0,2.0,9.5
MW Forde,126,125,1,4,1,0,0,0,0,6,21.0,5.95
MW Machan,24,26,0,1,0,1,0,0,0,2,4.0,6.5
Mahedi Hasan,200,202,4,3,1,0,0,0,0,8,33.33,6.06
Mahmudullah,172,199,1,4,0,1,0,0,0,6,28.67,6.94
Mashrafe Mortaza,205,260,2,3,0,0,0,0,1,5,34.17,7.61
Mehedi Hasan Miraz,18,32,0,0,0,0,0,0,0,0,3.0,10.67
Mehran Khan,56,77,1,4,1,0,0,0,0,6,9.33,8.25
Milind Kumar,31,65,0,0,0,0,0,0,0,0,5.17,12.58
Mohammad Amir,203,217,2,7,0,0,0,1,1,10,33.83,6.41
Mohammad Hafeez,98,116,0,1,0,1,0,0,1,2,16.33,7.1
Mohammad Irfan,67,102,0,2,0,0,0,0,0,2,11.17,9.13
Mohammad Mohsin,72,72,2,2,0,0,0,0,0,4,12.0,6.0
Mohammad Nadeem,67,115,0,0,0,0,0,0,1,0,11.17,10.3
Mohammad Nawaz,179,227,2,5,0,2,0,1,0,10,29.83,7.61
Mohammad Saifuddin,97,107,2,2,1,0,0,0,1,5,16.17,6.62
Mohammad Sami,65,97,3,1,0,0,0,0,0,4,10.83,8.95
Mohammad Wasim,110,129,5,1,2,0,0,0,0,8,18.33,7.04
Mohammed Shami,262,341,2,7,2,0,0,0,2,11,43.67,7.81
Mohammed Siraj,93,88,0,3,1,0,0,0,1,4,15.5,5.68
Mominul Haque,6,14,0,0,0,0,0,0,0,0,1.0,14.0
Mosaddek Hossain,44,69,0,1,0,1,0,0,0,2,7.33,9.41
Mudassar Bukhari,163,185,1,2,0,0,0,0,2,3,27.17,6.81
Muhammad Arfan,59,86,0,1,0,0,0,0,0,1,9.83,8.75
Muhammad Farooq,24,38,0,1,0,0,0,0,0,1,4.0,9.5
Muhammad Jawadullah,37,36,0,2,0,0,0,0,1,2,6.17,5.84
Muhammad Rohid,20,51,0,0,0,0,0,0,0,0,3.33,15.3
Mustafizur Rahman,493,561,7,19,1,0,0,0,0,27,82.17,6.83
N Dutta,19,41,0,1,0,0,0,0,0,1,3.17,12.95
N M'shangwe,40,47,0,1,0,0,0,0,0,1,6.67,7.05
N Pokana,38,55,0,0,0,0,0,0,0,0,6.33,8.68
N Thushara,72,63,2,4,2,0,0,0,0,8,12.0,5.25
N Vanua,36,25,0,2,0,0,0,0,0,2,6.0,4.17
NK Yadav,72,101,1,4,0,0,0,0,0,5,12.0,8.42
NL McCullum,116,109,2,2,1,1,0,1,0,7,19.33,5.64
NLTC Perera,47,87,0,0,0,0,0,0,1,0,7.83,11.11
NM Coulter-Nile,142,191,1,4,0,0,0,0,2,5,23.67,8.07
NP Kenjige,79,109,1,2,1,0,0,0,0,4,13.17,8.28
NT Ellis,151,169,3,4,2,0,0,0,0,9,25.17,6.72
Nadeem Ahmed,58,67,3,4,0,0,0,0,0,7,9.67,6.93
Nadeem Khan,67,102,0,0,0,0,0,0,0,0,11.17,9.13
Najeeb Amar,18,30,0,1,0,0,0,0,0,1,3.0,10.0
Naseem Shah,263,276,3,5,0,0,0,1,1,9,43.83,6.3
Nasir Hossain,32,46,1,0,0,0,0,0,0,1,5.33,8.62
Nasum Ahmed,74,93,2,3,0,0,0,0,0,5,12.33,7.54
Nizakat Khan,26,19,0,3,0,0,0,0,0,3,4.33,4.38
O Davidson,74,106,0,3,0,0,0,0,0,3,12.33,8.59
OC McCoy,93,121,0,1,0,0,0,0,1,1,15.5,7.81
OEG Baartman,116,98,0,6,0,0,0,0,1,6,19.33,5.07
OF Smith,58,86,0,2,0,0,0,0,0,2,9.67,8.9
P Khadka,30,32,0,1,0,0,0,0,0,1,5.0,6.4
P Utseya,74,84,0,1,1,0,0,0,0,2,12.33,6.81
PA van Meekeren,362,359,9,14,2,0,0,0,2,25,60.33,5.95
PHKD Mendis,26,29,0,2,0,0,0,0,1,2,4.33,6.69
PJ Cummins,324,412,3,11,0,0,0,0,1,14,54.0,7.63
PM Liyanagamage,57,74,1,2,0,0,0,0,0,3,9.5,7.79
PM Seelaar,93,98,3,1,0,0,0,0,0,4,15.5,6.32
PR Stirling,81,83,0,3,0,0,0,0,1,3,13.5,6.15
PVD Chameera,399,549,7,12,1,0,0,1,5,21,66.5,8.26
PW Borren,61,69,0,2,0,0,0,0,1,2,10.17,6.79
PWH de Silva,436,449,12,11,10,1,0,3,1,37,72.67,6.18
Pargat Singh,6,15,0,0,0,0,0,0,0,0,1.0,15.0
R Ashwin,407,451,6,15,2,1,0,1,1,25,67.83,6.65
R Ngarava,253,353,2,12,1,0,0,0,1,15,42.17,8.37
R Rampaul,80,103,1,1,0,0,0,0,0,2,13.33,7.72
R Ravindra,130,146,0,11,0,2,0,0,0,13,21.67,6.74
R Shepherd,120,194,2,6,0,0,0,0,0,8,20.0,9.7
R Trumpelmann,359,477,2,6,4,0,0,0,1,12,59.83,7.97
RA Jadeja,388,454,2,8,3,2,0,0,1,15,64.67,7.02
RAS Lakmal,25,29,0,0,1,0,0,0,1,1,4.17,6.96
RD Berrington,26,27,0,0,0,0,0,0,0,0,4.33,6.23
RD Chahar,25,30,0,0,0,0,0,0,0,0,4.17,7.2
RE van der Merwe,184,250,0,5,1,0,0,0,0,6,30.67,8.15
RJ Campbell,12,16,0,0,0,0,0,0,0,0,2.0,8.0
RJW Topley,142,178,1,2,0,0,0,0,0,3,23.67,7.52
RK Paudel,36,32,0,2,1,0,0,0,0,3,6.0,5.33
RK Singh,6,9,0,0,0,0,0,0,0,0,1.0,9.0
RL Chase,187,208,3,5,3,0,0,0,0,11,31.17,6.67
RML Taylor,12,12,0,0,0,0,0,0,0,0,2.0,6.0
RP Burl,70,95,1,0,0,1,0,0,0,2,11.67,8.14
RS Bopara,37,35,0,1,0,0,0,0,0,1,6.17,5.68
Rehan Ahmed,18,28,1,1,0,0,0,0,0,2,3.0,9.33
Riazat Ali Shah,10,10,0,1,0,0,0,0,0,1,1.67,6.0
Rishad Hossain,129,170,3,4,1,2,0,1,0,11,21.5,7.91
Rohan Mustafa,41,39,0,0,0,0,0,0,0,0,6.83,5.71
Rubel Hossain,6,7,0,0,0,0,0,0,0,0,1.0,7.0
S Badree,237,226,2,9,2,3,0,1,3,17,39.5,5.72
S Bau,19,38,0,0,0,0,0,0,0,0,3.17,12.0
S Dhakal,24,21,0,0,0,0,0,0,0,0,4.0,5.25
S Dube,82,157,0,4,0,0,1,0,1,5,13.67,11.49
S Joseph,156,230,0,9,0,0,0,0,1,9,26.0,8.85
S Lamichhane,127,163,2,0,1,0,0,0,1,3,21.17,7.7
S Malla,18,35,0,1,0,0,0,0,0,1,3.0,11.67
S Prasanna,12,15,0,0,1,0,0,0,0,1,2.0,7.5
SC Williams,204,202,1,6,1,1,0,1,2,10,34.0,5.94
SC van Schalkwyk,157,204,1,11,0,0,0,1,1,13,26.17,7.8
SCJ Broad,77,103,0,4,0,0,0,0,0,4,12.83,8.03
SD Parry,12,23,0,0,0,0,0,0,0,0,2.0,11.5
SI Kamea,18,23,0,0,1,0,0,0,0,1,3.0,7.67
SJ Benn,108,137,1,0,0,0,0,0,0,1,18.0,7.61
SK Atai,30,35,0,2,0,0,0,0,0,2,5.0,7.0
SK Raina,119,126,0,2,0,2,0,0,1,4,19.83,6.35
SL Malinga,112,113,5,0,0,0,0,0,3,5,18.67,6.05
SM Curran,327,463,3,14,0,0,0,0,3,17,54.5,8.5
SM Sharif,281,399,0,12,3,0,0,0,0,15,46.83,8.52
SMSM Senanayake,102,84,0,3,1,0,0,0,0,4,17.0,4.94
SN Netravalkar,194,273,0,8,1,0,0,0,3,9,32.33,8.44
SN Thakur,9,17,0,0,0,0,0,0,0,0,1.5,11.33
SP Gauchan,48,49,2,1,0,0,0,0,1,3,8.0,6.12
SP Narine,122,93,1,2,0,3,0,0,0,6,20.33,4.57
SR Taylor,18,37,0,0,0,0,0,0,0,0,3.0,12.33
SR Thompson,6,5,0,0,0,0,0,0,0,0,1.0,5.0
SR Watson,181,224,2,6,0,0,0,0,1,8,30.17,7.43
Saad Bin Zafar,135,171,1,4,0,0,0,0,1,5,22.5,7.6
Sabbir Rahman,31,31,1,2,0,0,0,0,0,3,5.17,6.0
Saeed Ajmal,91,115,2,0,0,1,0,1,0,4,15.17,7.58
Sagar Pun,21,29,0,0,0,0,0,0,0,0,3.5,8.29
Saim Ayub,60,75,1,3,1,0,0,0,1,5,10.0,7.5
Salman Mirza,59,63,1,3,0,0,0,0,0,4,9.83,6.41
Saqlain Sajib,22,40,0,0,0,0,0,0,0,0,3.67,10.91
Shadab Khan,409,474,3,14,3,1,0,3,1,24,68.17,6.95
Shafiq Jan,12,30,0,0,0,0,0,0,0,0,2.0,15.0
Shah Faisal,48,78,0,1,0,0,0,0,0,1,8.0,9.75
Shaheen Shah Afridi,486,603,7,18,5,0,0,0,2,30,81.0,7.44
Shahid Afridi,191,219,3,5,0,0,0,0,1,8,31.83,6.88
Shakeel Ahmed,115,162,2,1,0,0,0,1,0,4,19.17,8.45
Shakib Al Hasan,610,730,4,20,4,6,0,1,4,35,101.67,7.18
Sharif Asadullah,19,21,0,2,0,0,0,0,0,2,3.17,6.63
Shariz Ahmad,24,32,0,1,0,0,0,0,0,1,4.0,8.0
Shivam Sharma,13,23,0,0,0,0,0,0,0,0,2.17,10.62
Shoaib Malik,27,36,0,0,0,0,0,0,0,0,4.5,8.0
Shoriful Islam,105,129,2,2,0,0,0,0,1,4,17.5,7.37
Shubham Ranjane,25,26,0,1,0,0,0,0,0,1,4.17,6.24
Shuvagata Hom,48,54,1,0,0,0,0,0,1,1,8.0,6.75
Sikandar Raza,306,371,3,9,3,1,0,1,0,17,51.0,7.27
Simi Singh,123,175,0,2,0,1,0,0,0,3,20.5,8.54
Sohag Gazi,66,94,0,0,0,0,0,0,0,0,11.0,8.55
Sohail Tanvir,43,54,0,1,0,0,0,0,1,1,7.17,7.53
Sompal Kami,124,122,3,3,0,0,0,2,1,8,20.67,5.9
Soumya Sarkar,25,36,0,1,0,0,0,0,0,1,4.17,8.64
Sufyan Mehmood,54,107,0,2,1,0,0,0,0,3,9.0,11.89
T Kamungozi,12,17,0,0,0,0,0,0,0,0,2.0,8.5
T Lungameni,44,58,0,1,0,0,0,0,0,1,7.33,7.91
T Panyangara,92,122,2,4,0,0,0,0,1,6,15.33,7.96
T Shamsi,262,300,4,10,4,0,0,2,1,20,43.67,6.87
T van der Gugten,255,327,4,11,0,0,0,0,1,15,42.5,7.69
TA Boult,394,400,9,18,2,0,0,0,0,29,65.67,6.09
TAM Siriwardana,36,47,1,0,0,1,0,0,0,2,6.0,7.83
TG Southee,381,405,5,13,5,0,0,0,1,23,63.5,6.38
TJ Draca,26,59,0,2,0,0,0,0,0,2,4.33,13.62
TJ Murtagh,87,134,0,2,0,0,0,0,1,2,14.5,9.24
TJG Pringle,180,213,2,6,0,0,0,0,0,8,30.0,7.1
TL Chatara,227,242,2,7,0,0,0,0,2,9,37.83,6.4
TLW Cooper,42,62,2,1,0,0,0,0,0,3,7.0,8.86
TS Mills,87,110,1,6,0,0,0,0,1,7,14.5,7.59
TT Bresnan,61,97,1,0,0,0,0,0,0,1,10.17,9.54
TT Maposa,16,40,0,1,0,0,0,0,0,1,2.67,15.0
Tanwir Afzal,43,52,1,0,1,0,0,0,0,2,7.17,7.26
Tanzim Hasan Sakib,124,115,3,6,1,0,0,1,0,11,20.67,5.56
Taskin Ahmed,439,499,6,18,1,0,0,0,2,25,73.17,6.82
Tilak Varma,12,11,0,1,0,0,0,0,0,1,2.0,5.5
Umar Gul,84,124,2,4,0,0,0,0,0,6,14.0,8.86
Usman Tariq,122,142,3,7,0,0,0,0,0,10,20.33,6.98
V Kohli,10,15,0,1,0,0,0,0,0,1,1.67,9.0
VJ Kingma,85,80,0,3,0,0,0,0,1,3,14.17,5.65
Vikramjit Singh,6,11,0,0,0,0,0,0,0,0,1.0,11.0
W Madhevere,18,25,0,0,0,0,0,0,0,0,3.0,8.33
WB Rankin,30,48,1,0,0,0,0,0,3,1,5.0,9.6
WD Parnell,145,167,1,8,0,0,0,0,1,9,24.17,6.91
WG Jacks,129,220,1,6,0,0,0,2,1,9,21.5,10.23
WP Masakadza,105,134,0,3,0,2,0,0,0,5,17.5,7.66
WP Myburgh,49,64,0,2,0,0,0,0,0,2,8.17,7.84
Wahab Riaz,60,89,2,1,0,0,0,0,0,3,10.0,8.9
Waseem Muhammad,12,16,0,1,0,0,0,0,0,1,2.0,8.0
Washington Sundar,36,53,0,0,0,0,0,0,0,0,6.0,8.83
Wasim Ali,38,66,0,0,0,0,0,0,0,0,6.33,10.42
XC Bartlett,50,71,2,0,0,0,0,0,0,2,8.33,8.52
Yuvraj Singh,27,32,0,1,0,0,0,0,0,1,4.5,7.11
ZB Lion-Cachet,7,6,0,0,0,0,0,0,0,0,1.17,5.14
Zahoor Khan,76,59,3,2,0,0,0,0,0,5,12.67,4.66
Zawar Farid,17,25,0,0,0,0,0,0,0,0,2.83,8.82
Zeeshan Maqsood,86,103,1,4,0,0,0,0,0,5,14.33,7.19
Ziaur Rahman,28,64,0,1,0,0,0,0,0,1,4.67,13.71
Zulfiqar Babar,69,79,1,2,1,0,0,0,0,4,11.5,6.87
